:0400000500000A816C
:020000040000FA
:1000000000040020810A000015070000610A0000BA
:100010001F07000029070000330700000000000050
:10002000000000000000000000000000A50A000021
:100030003D070000000000004707000051070000D6
:100040005B070000650700006F07000079070000EC
:10005000830700008D07000097070000A10700003C
:10006000AB070000B5070000BF070000C90700008C
:10007000D3070000DD070000E7070000F1070000DC
:10008000FB070000050800000F0800001908000029
:10009000230800002D080000370800004108000078
:1000A0004B080000550800005F08000069080000C8
:1000B000730800007D080000870800009108000018
:1000C0009B080000A5080000AF080000B908000068
:1000D000C3080000CD080000D7080000E1080000B8
:1000E000EB080000F5080000FF0800000909000007
:1000F000130900001D090000270900003109000054
:100100003B0900001FB500F003F88DE80F001FBD8C
:1001100000F0ACBC40F6FC7108684FF01022401CA7
:1001200008D00868401C09D00868401C04D0086842
:1001300000F037BA9069F5E79069F9E7704770B554
:100140000B46010B184400F6FF70040B4FF0805073
:100150000022090303692403406943431D1B104621
:1001600000F048FA29462046BDE8704000F042BA47
:10017000F0B54FF6FF734FF4B4751A466E1E11E0DA
:10018000A94201D3344600E00C46091B30F8027B3B
:10019000641E3B441A44F9D19CB204EB134394B25D
:1001A00004EB12420029EBD198B200EB134002EBB2
:1001B000124140EA0140F0BDF34992B00446D1E952
:1001C0000001CDE91001FF224021684600F0F4FB58
:1001D00094E80F008DE80F00684610A902E004C8FB
:1001E00041F8042D8842FAD110216846FFF7C0FF7C
:1001F0001090AA208DF8440000F099F9FFF78AFFCB
:1002000040F6FC7420684FF01025401C0FD0206889
:1002100010226946803000F078F92068401C08D030
:100220002068082210A900F070F900F061F9A869AF
:10023000EEE7A869F5E74FF080500369406940F6A2
:10024000FC71434308684FF01022401C06D0086838
:1002500000F58050834203D2092070479069F7E788
:100260000868401C04D00868401C03D00020704778
:100270009069F9E70420704770B504460068C34DE3
:10028000072876D2DFE800F033041929631E250021
:10029000D4E9026564682946304600F062F92A46CE
:1002A0002146304600F031F9AA002146304600F0E0
:1002B00057FB002800D0032070BD00F009FC4FF46C
:1002C000805007E0201D00F040F90028F4D100F034
:1002D000FFFB60682860002070BD241D94E80700C3
:1002E000920000F03DFB0028F6D00E2070BDFFF715
:1002F000A2FF0028FAD1D4E901034FF0805100EBAE
:10030000830208694D69684382420ED840F6F8704E
:1003100005684FF010226D1C09D0056805EB8305B8
:100320000B6949694B439D4203D9092070BD55694A
:10033000F4E70168491C03D00068401C02D003E0C8
:100340005069FAE70F2070BD2046FFF735FFFFF731
:1003500072FF0028F7D1201D00F0F7F80028F2D135
:1003600060680028F0D100F0E2F8FFF7D3FE00F05B
:10037000BFF8072070BD10B50C46182802D0012028
:10038000086010BD2068FFF777FF206010BD41684E
:10039000054609B1012700E0002740F6F8742068FF
:1003A0004FF01026401C2BD02068AA68920000F065
:1003B000D7FA38B3A86881002068401C27D020688D
:1003C000FFF7BDFED7B12068401C22D026684FF051
:1003D0008050AC686D68016942695143A9420DD9EA
:1003E000016940694143A14208D92146304600F0E5
:1003F000B8F822462946304600F087F800F078F831
:100400007069D2E700F093F8FFF784FEF6E77069B1
:10041000D6E77669DBE740F6FC7420684FF01026DB
:10042000401C23D02068401C0CD02068401C1FD0EA
:100430002568206805F18005401C1BD027683879A5
:10044000AA2819D040F6F8700168491C42D001680A
:10045000491C45D00168491C3ED001680968491C07
:100460003ED00168491C39D000683EE0B069DAE747
:10047000B569DEE7B769E2E710212846FFF778FEA5
:100480003968814222D12068401C05D0D4F8001080
:1004900001F18002C03107E0B169F9E730B108CA63
:1004A00051F8040D984201D1012000E000208A4259
:1004B000F4D158B1286810B1042803D0FEE72846CB
:1004C000FFF765FF3149686808600EE0FFF722FE1C
:1004D00000F00EF87169BBE77169BFE7706904E06D
:1004E0004FF480500168491C01D000F0CBFAFEE7C0
:1004F000BFF34F8F26480168264A01F4E06111439B
:100500000160BFF34F8F00BFFDE72DE9F0411746B3
:100510000D460646002406E03046296800F054F8EF
:10052000641C2D1D361DBC42F6D3BDE8F08140F69B
:10053000FC700168491C04D0D0F800004FF48051D1
:10054000FDE54FF010208069F8E74FF080510A690F
:10055000496900684A43824201D810207047002050
:10056000704770B50C4605464FF4806608E0284693
:1005700000F017F8B44205D3A4F5806405F5805562
:10058000002CF4D170BD0000F40A0000000000202F
:100590000CED00E00400FA05144801680029FCD0C5
:1005A0007047134A0221116010490B68002BFCD0E0
:1005B0000F4B1B1D186008680028FCD0002010603D
:1005C00008680028FCD07047094B10B501221A605A
:1005D000064A1468002CFCD0016010680028FCD08A
:1005E0000020186010680028FCD010BD00E4014015
:1005F00004E5014070B50C46054600F073F810B9EB
:1006000000F07EF828B121462846BDE8704000F091
:1006100007B821462846BDE8704000F037B8000012
:100620007FB5002200920192029203920A0B000B06
:100630006946012302440AE0440900F01F0651F80C
:10064000245003FA06F6354341F82450401C8242F8
:10065000F2D80D490868009A10430860081D016827
:10066000019A1143016000F03DF800280AD00649C4
:1006700010310868029A10430860091D0868039A3F
:10068000104308607FBD00000006004030B50F4CED
:10069000002200BF04EB0213D3F800582DB9D3F8A1
:1006A000045815B9D3F808581DB1521C082AF1D3C3
:1006B00030BD082AFCD204EB0212C2F80008C3F8CD
:1006C00004180220C3F8080830BD000000E0014013
:1006D0004FF08050D0F83001082801D0002070473A
:1006E000012070474FF08050D0F83011062905D016
:1006F000D0F83001401C01D0002070470120704725
:100700004FF08050D0F830010A2801D00020704707
:100710000120704708208F490968095808471020B0
:100720008C4909680958084714208A4909680958FA
:100730000847182087490968095808473020854923
:100740000968095808473820824909680958084744
:100750003C20804909680958084740207D490968BC
:100760000958084744207B49096809580847482028
:1007700078490968095808474C207649096809589A
:10078000084750207349096809580847542071499F
:1007900009680958084758206E49096809580847E8
:1007A0005C206C4909680958084760206949096854
:1007B00009580847642067490968095808476820AC
:1007C00064490968095808476C2062490968095852
:1007D000084770205F4909680958084774205D4937
:1007E00009680958084778205A490968095808478C
:1007F0007C205849096809580847802055490968EC
:10080000095808478420534909680958084788202F
:1008100050490968095808478C204E490968095809
:10082000084790204B4909680958084794204949CE
:10083000096809580847982046490968095808472F
:100840009C204449096809580847A0204149096883
:1008500009580847A4203F49096809580847A820B3
:100860003C49096809580847AC203A4909680958C1
:100870000847B0203749096809580847B420354966
:10088000096809580847B8203249096809580847D3
:10089000BC203049096809580847C0202D4909681B
:1008A00009580847C4202B49096809580847C82037
:1008B0002849096809580847CC2026490968095879
:1008C0000847D0202349096809580847D4202149FE
:1008D000096809580847D8201E4909680958084777
:1008E000DC201C49096809580847E02019490968B3
:1008F00009580847E4201749096809580847E820BB
:100900001449096809580847EC2012490968095830
:100910000847F0200F49096809580847F4200D4995
:10092000096809580847F8200A490968095808471A
:10093000FC2008490968095808475FF48070054998
:10094000096809580847000003480449024A034B54
:100950007047000000000020000B0000000B0000AA
:1009600040EA010310B59B070FD1042A0DD310C82C
:1009700008C9121F9C42F8D020BA19BA884201D97E
:10098000012010BD4FF0FF3010BD1AB1D30703D0C6
:10099000521C07E0002010BD10F8013B11F8014B7C
:1009A0001B1B07D110F8013B11F8014B1B1B01D198
:1009B000921EF1D1184610BD02F0FF0343EA032254
:1009C00042EA024200F005B87047704770474FF0A6
:1009D00000020429C0F0128010F0030C00F01B800C
:1009E000CCF1040CBCF1020F18BF00F8012BA8BF1A
:1009F00020F8022BA1EB0C0100F00DB85FEAC17CDE
:100A000024BF00F8012B00F8012B48BF00F8012B90
:100A100070474FF0000200B51346944696462039C1
:100A200022BFA0E80C50A0E80C50B1F12001BFF4A7
:100A3000F7AF090728BFA0E80C5048BF0CC05DF80D
:100A400004EB890028BF40F8042B08BF704748BF5B
:100A500020F8022B11F0804F18BF00F8012B7047CF
:100A6000014B1B68DB6818470000002009480A4951
:100A70007047FFF7FBFFFFF745FB00BD20BFFDE719
:100A8000064B1847064A1060016881F308884068E1
:100A900000470000000B0000000B000017040000DE
:100AA000000000201EF0040F0CBFEFF30881EFF3ED
:100AB0000981886902380078182803D100E0000015
:100AC000074A1047074A12682C3212681047000084
:100AD00000B5054B1B68054A9B58984700BD0000B0
:100AE0007703000000000020F00A0000040000006E
:100AF000001000000000000000FFFFFF0090D00386
:02000004000FEB
:1040000000000420A1B30F00C9B30F00CBB30F0011
:10401000CDB30F00CFB30F00D1B30F0000000000ED
:10402000000000000000000000000000BD450F007F
:10403000D5B30F0000000000D7B30F00F94D0F00FB
:104040000D4F0F00DBB30F00DBB30F00DBB30F002E
:10405000DBB30F00DBB30F00DBB30F00DBB30F00EC
:10406000DBB30F00DBB30F00DBB30F00DBB30F00DC
:10407000DBB30F00DBB30F00DBB30F00DBB30F00CC
:10408000DBB30F005D730F00DBB30F00DBB30F007A
:1040900019740F00DBB30F007D4B0F00DBB30F0073
:1040A000DBB30F00DBB30F00DBB30F00DBB30F009C
:1040B000DBB30F00DBB30F000000000000000000C6
:1040C000DBB30F00DBB30F00DBB30F00DBB30F007C
:1040D000DBB30F00DBB30F00DBB30F00DD850F0098
:1040E000DBB30F00DBB30F00DBB30F0000000000F9
:1040F00000000000DBB30F0000000000DBB30F0086
:1041000000000000000000000000000000000000AF
:10411000000000000000000000000000000000009F
:10412000000000000000000000000000000000008F
:10413000000000000000000000000000000000007F
:10414000000000000000000000000000000000006F
:10415000000000000000000000000000000000005F
:10416000000000000000000000000000000000004F
:10417000000000000000000000000000000000003F
:10418000000000000000000000000000000000002F
:10419000000000000000000000000000000000001F
:1041A000000000000000000000000000000000000F
:1041B00000000000000000000000000000000000FF
:1041C00000000000000000000000000000000000EF
:1041D00000000000000000000000000000000000DF
:1041E00000000000000000000000000000000000CF
:1041F00000000000000000000000000000000000BF
:1042000010B5054C237833B9044B13B10448AFF310
:1042100000800123237010BDCC8600200000000028
:10422000ACBD0F0008B5034B1BB103490348AFF306
:10423000008008BD00000000D0860020ACBD0F004B
:10424000A3F5803A704700BF154B002B08BF114BF8
:104250009D46FFF7F5FF00218B460F461148124A95
:10426000121A00F079F80C4B002B00D098470B4B3A
:10427000002B00D098470020002104000D000B48BF
:1042800000F016F800F044F82000290000F096FA3B
:1042900000F014F80000080000000000000000001A
:1042A00000000420CC860020CCCE0020DD420F0090
:1042B000002301461A46184600F09EB808B50021B2
:1042C000044600F0DDF8044B1868C36B03B198474F
:1042D000204600F04BF900BFA4BB0F0038B50A4CD4
:1042E0000A4D641BA4100AD004F18043013B05EB86
:1042F0008305013C55F804399847002CF9D1BDE8F5
:10430000384007F049BC00BFCC860020C88600209A
:1043100070B50D4E0D4D761BB61006D0002401343D
:1043200055F8043B9847A642F9D1094E094D761B32
:1043300007F02CFCB61006D00024013455F8043BDD
:104340009847A642F9D170BDC0860020C0860020E3
:10435000C8860020C0860020F0B4860746D0541ED0
:10436000002A3CD0CAB2034602E014F1FF3436D32F
:1043700003F8012B9D07F8D1032C29D9CDB245EACA
:1043800005250F2C45EA054533D9A4F11006360959
:1043900003F1200707EB061703F1100242E9045569
:1043A00042E902551032BA42F8D1721C14F00C0FD7
:1043B00003EB021204F00F0613D0331F23F00303A4
:1043C0000433134442F8045B9342FBD106F0030428
:1043D0002CB1C9B21C4403F8011B9C42FBD1F0BCB8
:1043E000704734461346002CF3D1F8E714460346D1
:1043F000C2E71A462646E0E72DE9F0411E4C054685
:10440000206890461F460E4600F0A6F81B4B1A681F
:10441000D2F8483133B35A6820681F2A27DC4DB9D7
:10442000911C01325A6043F8216000F09DF8002091
:10443000BDE8F08103EB82010124C1F8888004FA11
:1044400002FED3F88841022D44EA0E0CC3F888C15D
:10445000C1F80871E4D1D3F88C114EEA0104C3F815
:104460008C41DDE702F5A673C2F84831D3E700F0CE
:104470007BF84FF0FF30DBE730840020A4BB0F0057
:104480002DE9F04F284B83B00F460190186800F0DB
:1044900063F8264BD3F800A04FF00009DAF8486122
:1044A0008EB17468651E0ED4013406EB84044FF09F
:1044B00001087FB1D4F80031BB420BD0013D6B1C29
:1044C000A4F10404F5D1184B186803B0BDE8F04F0F
:1044D00000F04AB873682268013BAB420CBF7560BC
:1044E000C4F80090002AE9D0D6F88811D6F804B0B4
:1044F00008FA05FC1CEA010F08D1904772685A457A
:10450000CCD1DAF84831B342D8D0C7E7D6F88C31ED
:10451000D4F880101CEA030F02D101989047EDE710
:1045200008469047EAE700BF30840020A4BB0F0094
:10453000024B13B10248FFF7BBBE704700000000FA
:10454000DD420F00704700BF704700BF704700BFDB
:10455000704700BF704700BF704700BF0120704721
:1045600001207047704700BF704700BFFEE700BFE3
:1045700038B50C46E8B90968C9B10F4DA9420BD04E
:104580006B1A3B2B11D93C22284606F057FF03E05B
:10459000CA5CEA54013BFBD2074800223C2103F0ED
:1045A00041FA0023A887236038BD3D23F2E70E239C
:1045B000F9E70123F7E700BF807F0020074A6FF08B
:1045C00002039E4502D1EFF3098101E0EFF3088178
:1045D0008869A0F102000078104700BF71450F0004
:1045E00038B50446A8B10D4D00223C21284603F001
:1045F00019FAAB8F83420ED12A4605F13C0152F8DD
:10460000040B44F8040B8A42F9D10133AB87002034
:1046100038BD0E20FCE70B20FAE700BF807F0020AA
:104620000B2970B50446154608462FD92389053352
:1046300004EB43012044431ADAB2012A26D981420D
:1046400024D8134806F0FAFE2388522B06D1AB0774
:1046500011D062884CF668639A420CD00F2014E0A7
:1046600034F8022B824204D0AE89964203F1010352
:1046700008D1002009E0218900230A344FF6FE709A
:104680004FF440559942EBD80B2070BD0920FCE750
:10469000E886002008B5002203F0C4F9034B1B880C
:1046A000834214BF0B20002008BD00BFE886002015
:1046B00038B50C4C21684B1C054612D00A484FF403
:1046C000805206F08BFE48B115B1206800F07AFCEC
:1046D000054920684FF4806200F094FC4FF0FF33EE
:1046E000236038BD34840020F48600202DE9F04199
:1046F000DFF84480044624F47F651846D8F800307B
:1047000025F00F05AB420E46174609D0FFF7D0FF44
:104710000848C8F800504FF48052294606F08EFE33
:104720000448C4F30B043A4631462044BDE8F04146
:1047300006F084BEF486002034840020BFF34F8F3F
:104740000549064BCA6802F4E0621343CB60BFF32D
:104750004F8F00BFFDE700BF00ED00E00400FA0549
:104760004BDF704710DF704711DF704713DF704772
:1047700018DF704760DF704769DF704761DF70479F
:104780001FB50023CDE9013303936846022300934C
:10479000FFF7EEFF05B05DF804FB08B54FF0E0232E
:1047A000D3F8F03DDB0700D500BEFFF7C7FF0000E0
:1047B000014B1878704700BFF59600202DE9FF489F
:1047C0004C4B4FF40062C3F8402500F063FA00F050
:1047D0008FFE002000F018FB00F00AFF48B1052012
:1047E00000F012FB00F016FF00F03AFF062000F088
:1047F0000BFB4FF08043DFF81081D3F81C55B12D2F
:104800000CBF0123002388F800304AD0A5F1A8018D
:104810004C424C41384EDFF8F49004F00103337001
:104820004FF08043D3F8007407F00107002C3BD110
:104830004E2D38D0572D36D0304B1B681A68304B70
:104840009A4200D17FBB6D2D2ED0222000F0B0F90E
:10485000044633789BBB222000F0AAF910B10C204B
:1048600000F0A6F900F00100307000F073FDDFF8F1
:10487000A0B0824630B12CB9204B1B681A68214B7E
:104880009A4257D04FF440535A684A450ABF9B6832
:104890004FF4905303F500731B685B453AD1012434
:1048A00048E00124B6E701244FF0804300226D2D3B
:1048B000C3F81C2500F0E480002CCAD1C5E7012014
:1048C000D0E7544636E03C4634E04FF480030B60BA
:1048D00071E0022000F098FAA5F14E0358425841C9
:1048E00003F080FEAEE000221146C1E003F0CAFEF4
:1048F000C6E000BF00A00040F596002038840020EC
:10490000D51A5A007E67E54EF6960020DBE5B151D8
:104910007CB0EE87002CC2D1BAF1000FD1D0002FAD
:10492000D1D0654B654A1B6865481A60654B43F0FA
:10493000010398474FF440535A684A4508BF9B68A3
:104940005D4A0CBF03F500734FF4905312681B6867
:104950005B450CBF5C4B002313601CB9BAF1000F20
:1049600040F08E803378002BB3D0082000F04CFA52
:1049700098F800300BB9FFF703FF01234FF47420C0
:1049800088F80030FFF7F2FE504B5149186801904B
:1049900001A8FFF7E7FE4F4991F816335A09EC23B7
:1049A0001341DA0707D54C4B9A68002A8DD01A6854
:1049B00042F480021A600C22484B029300210DEB56
:1049C0000200FFF7C9FC40F20113029A039303A906
:1049D0004020FFF7D1FE0C2200210DEB0200FFF773
:1049E000BBFC9DF80C30029A43F0010303A9A02000
:1049F0008DF80C30FFF7C0FE0C2200210DEB0200F9
:104A0000FFF7AAFC01241723029AADF80E3003A980
:104A100023208DF80C40FFF7AFFE0C2200210DEB98
:104A20000200FFF799FC0623029A8DF80C4003A9B7
:104A300020208DF80E40ADF81030FFF79DFE02A843
:104A4000FFF798FE4FF4405330785A684A450ABF42
:104A50009B684FF4905303F500731B685B4504D0CB
:104A6000572D02D04E2D7FF43EAF012240F6B831D3
:104A700000F056FD3378002B3FF438AFFFF774FE9B
:104A800000F054F900F066FCA0B100F0B1FD88B967
:104A90004FF440535B684B4506D198F800300BB992
:104AA000FFF76EFEFFF760FE034B1B6800221A60E3
:104AB00000F072FDFFF742FE38840020D51A5A003C
:104AC0000048E801B0BB0F007E67E54EA8BB0F00B1
:104AD0009B470F0000E100E0449D00200080002083
:104AE00010B58EB03423ADF802300DF10201002371
:104AF00001A8ADF80430FFF741FE044640B9BDF807
:104B00000430102B07D0112B0CD001A801F03AF87B
:104B100020460EB010BD054B01221A70072000F090
:104B200073F9F2E7014B18700820F8E7F4960020BB
:104B300013B5002301A80193FFF712FE044660B9E4
:104B4000019802F0C1FA019B0A2B09D0092B09D068
:104B50000B2B02D1012004F007FC204602B010BD4F
:104B60002046F8E70220F6E708B5FFF7B9FF052869
:104B7000FBD1FFF7DDFF0528F7D108BD0021024A70
:104B8000084602F071BE00BF694B0F001F2884BFAA
:104B900000F01F00044B054A98BF4FF0A04300F5FA
:104BA000E07043F820207047000300500C00030021
:104BB0001F288ABF064B4FF0A04300F01F00D3F818
:104BC000103523FA00F0C04300F00100704700BF29
:104BD000000300507047704700234FF0FF3283609E
:104BE000C0F80035C0F86025C0F86425C0F8682515
:104BF000C0F86C2540F2FF32C0F80435C0F8082533
:104C0000C0F80C35C0F81035C0F81435C0F82035A0
:104C1000C0F82435704700001B4B00221F2930B517
:104C2000C3F800258BBF01F01F030B46174A4FF056
:104C3000A04203F5E074032542F82450012404FA4D
:104C400003F3C2F80C3500F5AC700F4B002243F8AB
:104C50002010FF21C3F804250220C3F80815042101
:104C6000C3F80C15C3F810050948C3F81425C3F898
:104C70002005C3F82415C3F82825C3F82C25C3F84C
:104C80000045C3F8102130BD00C0014000030050B2
:104C9000EC9800204FF0804310B501220024DA6028
:104CA0002220C3F818459A60FFF770FF0C20FFF729
:104CB0006DFF174B4FF4C85043F0010398472A216A
:104CC0002046FFF7A9FFFFF785FF124A1E210820A3
:104CD00002F0A6FD08B102F05DFE02F007FD0E49EC
:104CE0000E4BE02081F823001B684FF47A72B3FB6F
:104CF000F2F3013BB3F1807F08D24FF0E022536121
:104D0000002381F8230093610723136110BD00BFC6
:104D1000C0BB0F00F896002000ED00E03C840020AE
:104D20000148FFF759BF00BF00C001404FF0E0232A
:104D3000002110B51961FFF7F3FF154B154C4FF427
:104D40000032C3F8802003F1C04303F53C534FF415
:104D50008032C3F84823C3F8082301225A609A60BE
:104D60004FF080430220DA600B461F2B1A46C6BF65
:104D700003F01F0221464FF0A04102F5E07201331B
:104D8000302B41F82200F0D1FFF725FF10BD00BF06
:104D900000E100E000030050074B23F81010074B20
:104DA000002282B0C3F81021D3F810210192019A99
:104DB00001229A6002B07047EC98002000C00140C8
:104DC0000B4A0C4B11681B68B1FBF3F203FB121189
:104DD000B1EB530F4FEA530288BF591A4F2359437F
:104DE000B1FBF2F1C1F1FF0189B20020FFF7D4BF9E
:104DF000E8980020F4980020024A136801331360F9
:104E0000FFF7DEBFE89800201B490A68082823D86E
:104E1000DFE800F013051322221A1E242A00174B84
:104E200040F6B83018604FF47F4303F0103323F09E
:104E300080539A4218BF0B607047104B4FF4967026
:104E400018604FF47F03F0E70C4B64221A60704740
:104E50000A4B40F6B83018601346E6E7074B40F6B9
:104E6000B8301860FF23E0E7044B4FF496701860E9
:104E70004FF0FF13D9E700BFF8980020F498002006
:104E800000F1804382B01A68002A14BF012000207C
:104E900004D000221A601B680193019B02B0704786
:104EA0000F4A1378D3B903784FF08041C3F340031E
:104EB000C1F88035037803F00103C1F87835094B58
:104EC0001968C90706D4E02183F800130121C3F84B
:104ED000801119600123044813707047034870471C
:104EE0000899002000E100E00000AD0B0C00AD0BC4
:104EF000014B02681A607047049900204FF080430C
:104F00004FF46072C3F804237047000010B54FF0EF
:104F10008043D3F80443620707D54FF48470FFF74A
:104F2000AFFF10B11E4B1B689847A30608D54FF47E
:104F30008A70FFF7A5FF18B11A4B00201B6898472D
:104F4000600608D54FF48C70FFF79AFF18B1154B27
:104F500001201B689847210608D54FF48E70FFF793
:104F60008FFF18B1104B00201B689847E20508D549
:104F70004FF49070FFF784FF18B10B4B01201B68B2
:104F80009847A3050AD54FF49270FFF779FF28B12F
:104F9000054BBDE810401B680220184710BD00BF3C
:104FA000FC9800200099002004990020044AD2F8BF
:104FB0000034DB07FBD50160BFF35F8F704700BF94
:104FC00000E001404FF080531A69B0FBF2F302FB9E
:104FD000130373B9084B0222C3F80425C3F808056C
:104FE000D3F80024D207FBD500220448C3F80425D7
:104FF00070470348704700BF00E001400000AD0B60
:105000000A00AD0BF8B50B4B1546012206460F46BC
:10501000C3F804250024A54204D1064B0022C3F89E
:105020000425F8BD57F8241006EB8400FFF7BEFFF7
:105030000134F0E700E00140BFF34F8F0549064B14
:10504000CA6802F4E0621343CB60BFF34F8F00BF26
:10505000FDE700BF00ED00E00400FA054FF08053CB
:10506000D3F83021082A06D1D3F83431032B02D8E3
:10507000024AD05C70470020704700BFC6BB0F00DB
:1050800008B54FF08053D3F83021082A4ED14FF0A5
:1050900080420021C2F80C11C2F81011C2F8381574
:1050A00002F54042D3F80414C2F82015D3F80814CE
:1050B000C2F82415D3F80C14C2F82815D3F810142C
:1050C000C2F82C15D3F81414C2F83015D3F81814FC
:1050D000C2F83415D3F81C14C2F84015D3F82014C4
:1050E000C2F84415D3F82414C2F84815D3F828148C
:1050F000C2F84C15D3F82C14C2F85015D3F830145C
:10510000C2F85415D3F83414C2F86015D3F8381423
:10511000C2F86415D3F83C14C2F86815D3F84014EB
:10512000C2F86C15D3F84434C2F87035FFF796FF17
:1051300018B1494B494AC3F88C26FFF78FFF18B1C5
:10514000474BFB22C3F81825FFF788FF70B14FF0DB
:1051500080414FF08053D1F8E42ED3F8583222F03A
:105160000F0203F00F031343C1F8E43EFFF776FF8D
:1051700020B13C4B4FF40072C3F840264FF08053EF
:10518000D3F83031082B09D14FF08043D3F80024F5
:10519000D10744BF6FF00102C3F80024324AD2F8AD
:1051A000883043F47003C2F88830BFF34F8FBFF3E9
:1051B0006F8F4FF01023D3F80C22D2071DD52B4B45
:1051C0000122C3F80425D3F80024002AFBD04FF0B5
:1051D0001022D2F80C3223F00103C2F80C32234B18
:1051E000D3F80024002AFBD00022C3F80425D3F80A
:1051F0000024002AFBD0FFF71FFFD3F80022002A6B
:1052000003DBD3F80432002B22DA184B0122C3F857
:105210000425D3F80024002AFBD04FF010221221DD
:10522000C2F80012D3F80024002AFBD04FF010235C
:105230001222C3F804220D4BD3F80024002AFBD01D
:105240000022C3F80425D3F80024002AFBD0D2E7BB
:10525000074B084A1A6008BD00500040488103000F
:1052600000F000400090024000ED00E000E001404E
:105270003C8400200090D00313DF704718DF704794
:10528000064B1878012803D1012904BF02211970A7
:1052900012B1104602F07EBB704700BF3999002062
:1052A00008B5FFF785FA88B111481C2101F098FF75
:1052B00008B102F06FFB0F490D4800231C2201F0DA
:1052C0007FFF98B1BDE8084002F064BB4FF47F2037
:1052D000FFF778FE072207494FF47F20FFF792FE81
:1052E000054B1A78012A04BF02221A7008BD00BFBC
:1052F000309900203C9900203999002070B5124C5B
:10530000124D134ED4F800347BB1C4F80056C4F8E3
:105310000456C4F80856C4F80C56C4F81056C4F81D
:105320001456C4F81856C4F81C5602F005FB05F0D4
:10533000F2FF20B104F0D8FD002005F001FA337827
:10534000023B022BDED870BD000001403546526E94
:105350003999002013B54FF44053124A59689142CD
:105360000CBF9C684FF4805401A800F0A7F9236893
:10537000013302D16368013311D0019B1A88012ADD
:105380000DD1588820B199680022204602F04AFBCE
:10539000019B5B881B1A5842584102B010BD002087
:1053A000FBE700BFDBE5B15184B02DE9F34108AC68
:1053B00084E80F009DF82040BDF8228001A80F4628
:1053C00016461D4600F07AF954B9384B0122FF21E8
:1053D000A3F802809D601A809980354B1A7012E004
:1053E000012C17D1314BBA192A449A60A5221A8090
:1053F000FF229A800C9AA3F80280C3E903765D61CC
:105400009A612B4B1C70FFF74BFF02B0BDE8F041D7
:1054100004B07047032C0FD1019A244B11881980D6
:10542000518892689A60C3E90376AA2259809A80CB
:105430005D611F4B0122D1E7022C15D1019A1B4B54
:105440001188A5290AD100229A60FF221A60FF2242
:105450009A800022C3E903225A61EAE71980518841
:10546000926859809A60F2E7052C0ED1FFF7A0F9F7
:1054700040B100F097FD08B102F08CFA0C4B03220A
:105480001A70C2E700F010FAF5E7042C08D1074BB8
:1054900000229A60FF221A60019A92889A80B2E7ED
:1054A000062CB2D1024B0422EAE700BF3C9900204F
:1054B0003999002000B50C4B1B7889B063B90B4BB0
:1054C0001B786BB905238DF80C30079B009303AB59
:1054D0000FCBFFF769FF03E004F0FEFA0028EED0DF
:1054E00009B05DF804FB00BF389900202C9900201A
:1054F0001FB50023CDE90233074B019301F030FEC5
:1055000030B906494FF47F2301A84B6001F046FEF5
:1055100005B05DF804FB00BF81520F0030990020F8
:1055200070B505460E460AB180F00102154B02F037
:1055300001021A7000F0B0FF044628B935B100F03E
:105540008BFC0446FFF7DAFE204670BDBEB10E4B61
:105550000E4A0F481D70294602F0F8F84FF4004437
:105560004FF4FA7029464FF47A720023E6FB0401E7
:1055700006F09CF92A460146064802F0F9F800F0C8
:105580006FF9DEE7389900202C990020B5540F0000
:10559000CCBB0F000C9900201FB5134B4FF0FF320E
:1055A000C3F88020C3F880214FF440530F4A596854
:1055B00091420DD19C682046FFF75EFE10B14FF07E
:1055C00000531C60204604B0BDE8104000F09AB8BB
:1055D0000023CDE902334FF4805406236846CDE919
:1055E0000034FFF74BFEE9E700E100E0DBE5B151F5
:1055F00007B501A800F062F8019B1A88A52A07D018
:105600009888A0F1AA035842584103B05DF804FB02
:105610000120FAE710B501F05DF9A8B10E4B0F4873
:1056200043F00103984701F0BFF808B102F0B2F966
:1056300001F050F908B102F0ADF901F001F90446AA
:1056400038B102F0A7F904E001F01EF90446002881
:10565000E4D1204610BD00BFD0BB0F0000A8610000
:1056600000B589B003AB142200211846FEF774FE82
:1056700002228DF80C20002200920FC8FFF794FE42
:10568000FFF73CFE002009B05DF804FB13B50446AB
:1056900001A800F013F8019B1A8822805A886280C2
:1056A0009A68A2609A88A280DA68E2601A69226128
:1056B0005A6962619B69A36102B010BD014B03602E
:1056C000704700BF00F00F00F0B50346186880F384
:1056D00008885868FF2464B2EFF30585002D01D1D6
:1056E000A64600472546064621273FBAF0B40024C7
:1056F000002500260027F0B4F92040B2004700BF83
:10570000F0BD00BFFFF7E0BF73B500230DF102014C
:1057100001A8ADF80230019302F0C4FDF8B9019C74
:1057200025785DB3174B93F83020032A28D00C2638
:1057300006FB00F29958E9B998189D5093F830206B
:105740000132D2B283F83020BDF802300E4A9B08F5
:10575000013B043443608460084602F085F8019BF5
:1057600033B128B1184602F0B9FD08B102F012F9C0
:1057700002B070BD01300428DAD1F0E70720EEE76F
:105780000420ECE758990020D1570F00084609B1D2
:1057900002F000B97047000010B50C220B4B5043CB
:1057A00019181A5882B193F830208C68013AD2B295
:1057B00083F8302000221A50C1E90122201F02F094
:1057C0008DFD08B102F0E6F8002010BD58990020C8
:1057D000214B70B50122214E1A7096F8303003B972
:1057E00070BD1E4C0025236883B1013B042B07D8F4
:1057F000DFE803F01C0612032800204600F0DEFE5E
:10580000E8B2FFF7C9FF08B102F0C4F80135042D72
:1058100004F10C04E7D1E0E7A3686360204600F0E0
:1058200073FE0028ECD002F0B5F8E9E7204600F05E
:1058300053FF00F02FFF08B102F0ACF80520FFF78E
:10584000E3FADDE700F074FF00F092FFBDE870407E
:105850000620FFF7D9BA00BF2C99002058990020E4
:1058600008B50E4B002283F8302004210139C3E92A
:1058700001221A6003F10C03F8D1094800F03EFE42
:1058800002F0A8FC08B102F085F8064802F08EFC90
:1058900008B102F07FF8002008BD00BF5899002031
:1058A0008D570F0009570F0008B50020FFF774FF50
:1058B0000120FFF771FF0220FFF76EFF0320FFF7C3
:1058C0006BFFBDE8084002F0CDBC006870476CDF9C
:1058D00070476DDF70476EDF70476FDF704772DFB4
:1058E000704773DF704774DF704776DF704777DF8C
:1058F00070477ADF70477CDF70477FDF704786DF55
:1059000070478FDF704790DF7047AFDF7047B0DFC1
:105910007047B1DF7047B2DF7047B5DF704764DFB3
:10592000704766DF70470C2813D8DFE800F01412C8
:105930001212121209120712120D0B0002207047E8
:105940000320704704207047042914BF0620052057
:105950007047062070470120704702F01BB810B551
:10596000044608460321FFF7DEFF0246204601F009
:1059700075F918B1BDE8104002F00CB810BD000078
:105980000346032B10B50846144620D0042B23D120
:1059900069B1124B18884FF6FF7398421CD013213F
:1059A000FFF7A3FFC0B1BDE8104001F0F3BF104600
:1059B00002F094F808B101F0EDFF094B1B689C421E
:1059C0000AD101220321074801F048F9EAE7012141
:1059D000FFF7A9FF0246F6E710BD00BF4284002092
:1059E0004C9A0020FC990020F8B50A4DAB889E180F
:1059F0001D2E14460DDC2F68FE1802F1010C07F86D
:105A000003C07070B01C05F019FDAB8802331A1981
:105A1000AA80F8BDAC990020F0B54E4E317895B013
:105A2000002940F092804C4C019110222046FEF754
:105A300093FC4A4B0199236018220EA8FEF78CFCB8
:105A400001238DF8383028231093454B1B78002B09
:105A50007DD0444B04AC03F1100518685968224608
:105A600003C20833AB421446F7D13F4C10220DEB72
:105A70000201E01D05F0B2FC002868D03B4801217E
:105A80000460FFF728FF08B101F084FF384B08AA33
:105A900003F1100C174618685968154603C50833FA
:105AA00063452A46F7D12068A2880C903148A37933
:105AB000ADF83420002101228DF836300760FFF761
:105AC0000CFF08B101F066FF03238DF84C3004236E
:105AD0008DF80E3041F23053ADF81030264B08AA45
:105AE0009B798DF812300DF10F0104A8FFF717FF15
:105AF000012210460DF10E01FFF776FF1F4805F059
:105B00001FFE1E49C2B20920FFF76EFF102208A92E
:105B10000620FFF769FF104919480EAAFFF7DFFEBC
:105B200008B101F037FF164C042221780120FFF75D
:105B3000DEFE08B101F02EFF20780121FFF7D1FE33
:105B400008B101F027FF0123337015B0F0BD062323
:105B5000BEE700BF309A0020AC9900208C9900204D
:105B6000F8990020FDBB0F00BC990020489A002046
:105B7000C39900202C9A0020FC990020D6BB0F006E
:105B800040840020F0B504460146B1B0A84801F0B9
:105B900099F82388262B3BD80F2B04D8012B00F033
:105BA000CC8031B0F0BD103B162BFAD801A252F8D0
:105BB00023F000BF3D5C0F004B5C0F00A35B0F00A8
:105BC0007D5C0F00775D0F00A35B0F00A35B0F00F0
:105BD000A35B0F00A35B0F00A35B0F00935D0F009F
:105BE000A35B0F00A35B0F00A35B0F00A35B0F0081
:105BF000A35B0F00A35B0F00095E0F00A35B0F0008
:105C0000FB5D0F00A35B0F00A35B0F00FD5C0F00AB
:105C1000513B9AB2052AC4D8052BC2D801A252F82A
:105C200023F000BF475D0F00935D0F00A35B0F00E3
:105C3000A35B0F001F5E0F00E35C0F007D4BA2888B
:105C40001A807D4B00221A70ABE78023794CADF8A7
:105C500024307A4B208832221A6010A9012309AA25
:105C6000FFF759FE08B101F095FE754B1B780BB993
:105C7000FFF7D2FE4FF6FF73238092E7714B03AC20
:105C80009A79186899888DF822200790DA1DADF866
:105C900020101733264610685168254603C5083280
:105CA0009A422C46F7D1684B09AA03F1180715460A
:105CB00018685968144603C40833BB422246F7D11A
:105CC000186820605B48614A008810AB8521CDE9E7
:105CD0001456FFF712FE00283FF463AF01F05AFE9E
:105CE0005FE7A379002B7FF45CAF524B1321188838
:105CF000FFF7FBFD00283FF454AF79E0237A012B36
:105D00007FF44FAF4C4B00221A704C4B196801398D
:105D1000196069B910AB14221846FEF71DFB052265
:105D20008DF84020149A00920FC8FFF73DFB38E72A
:105D300031B0BDE8F040FFF76FBE3E4B0021188840
:105D4000FFF7EFFDD6E7A379002B3FF42AAFA27B44
:105D5000043A022A3FF625AF022B18BF01238DF823
:105D600040304FF4C173ADF84430324B10A918885D
:105D7000FFF7CDFDAFE7334A258A508D02F11801B8
:105D80000023854218BF19460732A088FFF7B7FDE8
:105D9000B0E7284B1C884FF6FF75AC4227D02C4B40
:105DA0001B78F3B12B49012308222046FFF7B1FDF0
:105DB000F0B90246014602232046FFF7AAFDB8B912
:105DC0002A460C212046FFF7A0FDA0F54053023BD8
:105DD000012B7FF6E6AE08283FF4E3AE112889D107
:105DE000DFE61A4619462046FFF793FD82E70820B2
:105DF00031B0BDE8F04001F0CDBD0E4B0022188857
:105E00001146FFF780FD75E700238DF840308DF8CF
:105E10004130084B10A91888FFF773FDC1E6E188EF
:105E2000044B1729188828BF1721FFF776FD61E773
:105E3000FC99002042840020309A002044840020F5
:105E4000439A0020BC990020D49900203E9A00205B
:105E5000F8990020F099002030B5464A46480023C2
:105E60001370464A95B0137000F048FB01F0F6FD40
:105E70000446002868D14248FEF7B2FB002866D1EC
:105E8000404B01221A7011233F488DF8043005F071
:105E900057FC3D4982B201A8FFF72DFD08B101F082
:105EA00079FD0822002104A8FEF756FA0823ADF870
:105EB00010301823ADF812300023ADF8143004A8C8
:105EC0004FF4C873ADF81630FFF713FD08B101F0B9
:105ED00061FD00210C2201A8FEF73EFA0823ADF86F
:105EE00004302A4B02932A482A4B039301A900F05D
:105EF0002FFD08B101F04EFD274D4022002104A8DE
:105F0000FEF72AFA284605F01BFCADF810002846DB
:105F1000059505F015FC0795204DADF818002846AD
:105F200005F00EFC1123ADF8300004A8ADF84C309C
:105F30000D9500F0DBFF1A4B30221A7007225A70C1
:105F400010229A70FFF768FD204615B030BD04A8F6
:105F5000FFF7BFFC08B101F01DFD9DF8113004A84A
:105F600001338DF81130FFF7B2FC00288BD001F01F
:105F700011FD88E7439A002081590F003D9A0020C7
:105F8000BC990020F8990020D6BB0F00F55F0F00E8
:105F9000FC9900205B590F00DDBB0F00E6BB0F0032
:105FA0003E9A002010B50F4B01221A700E4B188834
:105FB0004FF6FF73984207D01321FFF796FC08B104
:105FC00001F0E8FC002010BD084C2378002BF9D02C
:105FD000074B1878FFF787FC08B101F0DBFC0023C2
:105FE0002370EFE7439A002042840020309A00207B
:105FF00040840020F0B50B7889B005460C46092B8B
:1060000035D8DFE813F02D00360041000A001900F2
:106010002600070110014400150100F089FB04214E
:10602000FFF781FC0246284600F018FEF8B109B0DF
:10603000BDE8F04001F0AEBCFFF7B4FF08B101F0DD
:10604000A9FC00F095FB90B109B0BDE8F04000F06C
:106050009DBBFFF7A7FF0028F6D001F09BFCF3E7FC
:10606000764B01221A704B681A78754B1A7009B07A
:10607000F0BD724B02261E704B681B78012BF6D1C7
:1060800000F008FB3146CBE76C4B0322EEE705201E
:10609000FEF7BAFE694B1E78022E37D0032E59D078
:1060A000012EE4D104AB102218460021FEF754F96A
:1060B000634A237A12788DF81020002203920C2B69
:1060C0004FF00302CDE9012008D03146284600F008
:1060D000C5FD0028CBD001F05DFCC8E76368184619
:1060E000FFF7F3FB0590181DFFF7EFFB069003F198
:1060F0000800FFF7EAFB079001A800F005FA002866
:10610000B5D03146FFF70FFC0246DFE7237A13F0E4
:10611000030011D0C0F104021A44D2B219464FF064
:10612000000C0E4601316768C9B2914207F806C0FB
:10613000F7D11B1A04332372012304936368069377
:10614000237A04A89B08059300F0C6FA00288ED095
:106150000221D7E7207A830702D03246314662E730
:10616000384E0190314601F08FFC014618B12846A7
:10617000FFF7F5FB7BE76168019A306805F05EF98F
:10618000019801F0E7FC01460028F0D101A9304652
:1061900001F0F0FC01460028E9D104230493019B9F
:1061A0009B08059304A83368069300F007FA074696
:1061B00040B9254A237A11680B441360234B326897
:1061C0001A6054E709281BD11F4B217A1A68114421
:1061D00019601F4B1B78002B3FF449AF1D4C2388DF
:1061E000013B9BB22380002B7FF441AF284600F097
:1061F000FBFC08B101F0CEFB174B1B88238036E770
:10620000306801F06BFC014610B12846FFF7A7FB90
:106210003946ACE70E4B01221A700F4A8B88138067
:106220000C4A138023E70A4A002313700A4AF8E74E
:10623000054B196800F09CFCF8E600BF3D9A002071
:10624000449A0020509A0020349A00204C9A002052
:106250003C9A00203A9A0020389A002018DF7047B4
:10626000012973B514460D461A4608D0032912D0E9
:1062700014B3204602B0BDE8704001F08BBB0F4B59
:106280001B78052BF4D10E4B1B68002BF0D0214658
:1062900004209847ECE7094E3378022BE8D1094BEC
:1062A00001925B689847064B35701B68002BDFD066
:1062B000019A21462846ECE702B070BD5C9A0020A6
:1062C000549A0020609A002030B589B003AC1422A3
:1062D00000212046FEF740F8094B1B88ADF80E3030
:1062E000084BDB6806930025079B8DF80C50009344
:1062F00094E80F00FFF758F8284609B030BD00BFFA
:106300006C9A0020B89A002000B589B003238DF85C
:106310000C300A4B1B88ADF80E30094B5A680492BA
:106320009A68DB680693079B0093059203AB0FCB3B
:10633000FFF73AF8002009B05DF804FB6C9A0020E2
:10634000B89A002000B589B001238DF80C300F4BAE
:106350000F4A1B88ADF80E304FF4405359689142F4
:1063600008BF9A680B4B5968049118BF4FF48052CC
:106370009968DB6806930591009203AB0FCBFFF79A
:1063800013F8002009B05DF804FB00BF6C9A0020F0
:10639000DBE5B151B89A002000B589B003AB1422F7
:1063A00000211846FDF7D8FF04228DF80C200022AA
:1063B00000920FC8FEF7F8FF09B05DF804FB00007B
:1063C000194BF7B5194C1C60194B02221A70FEF7D5
:1063D000EFF9184B48B11968204600F001FF00B3EF
:1063E00003B0BDE8F04001F0D5BA1D68124F013D81
:1063F0002D0B013504464FF440567368BB420CBF69
:10640000B0684FF4805000EB04300134FEF7DAFD41
:10641000A542F2D80023054800931A460321FFF74E
:106420001FFF03B0F0BD00BFD09A0020C89A002023
:106430005C9A0020709A0020DBE5B15170B50C46E3
:1064400086B00321CDE902100546960802A8019303
:1064500004940596FFF702FFE0B1B4F5805F019B5D
:1064600011D8012302A8CDE90235CDE90446FFF792
:10647000F5FE78B9032302A8CDE90235CDE904463B
:10648000FFF7ECFE06E01A46E11AE81AFFF7D6FF1E
:106490000028E6D006B070BD1FB5114B0193114B1B
:1064A000114900241C70114B01A81C80CDE9024445
:1064B00000F074FE0E4B10B11C7004B010BD4FF410
:1064C00040520C4954688C4207490CBF92684FF403
:1064D00080524A60084A0021116001221A70ECE7DC
:1064E00061620F00B49A0020C89A00206C9A0020C4
:1064F0005C9A0020DBE5B151589A0020014B1860EE
:10650000704700BF549A002038B54368214C0FCB28
:1065100084E80F002278500701D5910733D16068D5
:10652000830730D1A3689D072DD1E16811F00304E2
:1065300029D1184408441849B3F5204F086024D8DD
:106540004FF4405315495D688D420ABF9B684FF474
:106550006923C3F56A23984217D8114B1149196072
:1065600011495960D10709D5104A9A60104B1B7820
:10657000012B0CD1FFF724FF204638BD92074CBFFA
:106580000C4A0D4AF1E70624F6E70C24F4E7082448
:10659000F2E700BFB89A0020709A0020DBE5B15105
:1065A000609A0020C1630F0099630F0045630F00DC
:1065B0005C9A002009630F00C9620F002DE9F043C7
:1065C00085B0002853D0816811F0030451D12C4BC1
:1065D0001B78052B4FD12B4E42683368DFF8AC9007
:1065E00003EB82039500D9F80020934207D94FF0BE
:1065F000FF3333600C24204605B0BDE8F0830391DF
:10660000FEF7D6F8DFF88880039940B13368D8F8F0
:1066100000002A4600F0D4FDD8B10446EBE74FF461
:106620004053194A58683768904208BF98680391E8
:1066300018BF4FF4805000232A463844FEF756F81E
:106640000399D8F8000000950B4600220121FFF7BE
:1066500007FE33681D44D9F8003035609D420CD1E7
:10666000FEF7A6F80028C6D1FEF722F8C3E70E24ED
:10667000C1E71024BFE70824BDE70924BBE700BF3A
:106680005C9A0020589A0020DBE5B151709A0020F6
:10669000D09A002070B50B4B1D6885B90A4E33782F
:1066A000042B0CD1094C0A4B21781A780948FDF7C4
:1066B000B7FF10B90523337070BD2570FCE70820C3
:1066C000FAE700BF589A00205C9A0020B49A002094
:1066D000B89A0020749A0020F8B5114B1A78032A52
:1066E00003D0042A03D0082416E004221A700D4BAC
:1066F0001C68002CF7D10C4D43682F789E0007EBE7
:106700008303402B0AD8816808483246384404F095
:1067100095FE2B7833442B702046F8BD0924FBE707
:106720005C9A0020589A0020B49A0020749A0020A5
:1067300010B50B4C2378052B10D10A4B0A4A1B6865
:10674000116899420AD106232370084B1B685868C8
:10675000FDF7A0FF08B90723237010BD0820FCE750
:106760005C9A0020709A0020589A0020D09A00204D
:10677000044B1B78072B02D1034B9B68184708205A
:10678000704700BF5C9A0020609A002000B589B075
:1067900006238DF80C30079B009303AB0FCBFEF75D
:1067A00003FE09B05DF804FBF0B58DB005A8FEF757
:1067B0006DFF089C002C3ED00B9E04F58053B34225
:1067C0002DD91E4BA6F5805503EA55054FF44053CD
:1067D0009B689C420BD869002B46A4EB450201F54F
:1067E000805106EB4500FFF729FE0DB0F0BD05F521
:1067F0008053012701A8CDE90173CDE90337FFF7E5
:106800002DFD0028F1D14FF4805301A8CDE90233CA
:1068100001970497FFF722FD0028E6D1DBE701236B
:10682000CDE90136A4084FF4805301A803930494E2
:10683000FFF714FDD9E72046D7E700BF00F0FFFFC0
:1068400000B58DB005A8FEF721FF099880B1089B1F
:106850008BB94FF440530B4A596891420ED19B6853
:1068600080080022039001A8CDE90123FFF7F6FC80
:106870000DB05DF804FB0B9A1344F1E74FF480531D
:10688000EEE700BFDBE5B15100B58DB005A8FEF71E
:10689000FDFE099898B1089BA3B94FF440530C4AE8
:1068A0005968914211D19B680393800803214FF4EA
:1068B0007422049001A8CDE90112FFF7CFFC0DB0BE
:1068C0005DF804FB0B9A1344EEE74FF48053EBE7BB
:1068D000DBE5B15110B58CB005A8FEF7D7FE0898DE
:1068E000B8B10B9C00F58053A34214D94FF4405328
:1068F0009B6898421BD80F4BA4F5805203EA5203C1
:106900005900A0EB430201F5805104EB4300FFF76F
:1069100095FD0CB010BD800803224FF48053049005
:1069200001A8CDE901230394FFF798FCF1E70E20BD
:10693000EFE700BF00F0FFFFA8DF7047AADF704756
:10694000ADDF7047AEDF7047B0DF704762DF704782
:106950002DE9F0470E4694B00546002800F001816D
:10696000002900F0FE804B68002B00F0FA804FF603
:10697000FF7303800023ADF80A307B4B04AA03F1B8
:10698000100C174618685968144603C40833634549
:106990002246F7D141F230530DF10A013846ADF8E5
:1069A0000830FFF7D3FF0446002840F0D6802A1DA8
:1069B00002A90120FFF7C0FF0446002840F0CD8067
:1069C0009DF80A30AB7101461C220DA8FDF7C4FCEE
:1069D0009DF834300E9443F004038DF8343001AF49
:1069E000AB798DF80E30214641F2325303223846FE
:1069F000CDE91044CDE91244ADF80C30FDF7ACFC04
:106A00009DF806308DF8044023F01F0343F0030384
:106A1000214614224FF0110A08A88DF806308DF88F
:106A200005A00DF10C08FDF797FC4FF01409A8889C
:106A30000A9405F1080308AA0DA90C94CDE908876A
:106A4000ADF82C90FFF77AFF0446002840F08580CF
:106A500001461C220DA8FDF77FFC9DF834300E94F2
:106A600023F0180343F018038DF83430AB798DF818
:106A70000E30214641F2315303223846CDE910440D
:106A8000CDE91244ADF80C30FDF766FC9DF80630F8
:106A90008DF8044023F01F0343F0130321464A46B8
:106AA00008A88DF806308DF805A0FDF755FC1723D2
:106AB000ADF82C30A8880A9405F1100308AA0DA996
:106AC0000C94CDE90887FFF739FF0446002844D12C
:106AD00001461C220DA8FDF73FFC9DF834300E94B2
:106AE00043F002038DF83430AB798DF80E30214637
:106AF00041F2345303223846CDE91044CDE9124423
:106B0000ADF80C30FDF728FC9DF806308DF80540F7
:106B100023F01F0343F0030321464A4608A88DF8DB
:106B200006308DF804A0FDF717FC02230A93ADF898
:106B30002C30A8880C9605F1200308AA0DA9CDE9F0
:106B40000887FFF7FBFE044638B97368AB62B36889
:106B500003B1EB62054B01221A70204614B0BDE868
:106B6000F0870E24F9E700BF0DBC0F00D49A002077
:106B700070B5054686B070B302884FF6FF739A422F
:106B80002BD0174B1B7843B3164C1022080AE17028
:106B9000207121FA02F0090E072301266071A1710C
:106BA00002A800216370ADF806302270A670FDF7D0
:106BB000D3FB2B8AADF808300023ADF80C302888C1
:106BC0008DF80A600DF1060302A9CDE90434FFF740
:106BD000B9FE06B070BD0E20FBE70820F9E700BF44
:106BE000D49A0020D59A002030B5044687B060B30F
:106BF00002884FF6FF739A4229D0164B1B7833B3A5
:106C0000154D11232B700B0A6970AB700B0C090E1C
:106C1000EB70297105230021102202A8ADF806307F
:106C2000FDF79AFB238AADF8083001238DF80A306E
:106C30000023ADF80C3020880DF1060302A9CDE940
:106C40000435FFF77FFE07B030BD0E20FBE70820BC
:106C5000F9E700BFD49A0020D59A002030B5044649
:106C600087B038B300884FF6FF73984224D0134B97
:106C70001B780BB3124D102369700321ADF8061079
:106C8000AA7000211A4602A82B70FDF765FB238A23
:106C9000ADF8083001238DF80A300023ADF80C3030
:106CA00020880DF1060302A9CDE90435FFF74AFE5D
:106CB00007B030BD0E20FBE70820F9E7D49A00208A
:106CC000D59A002070B50D4688B0044650B149B140
:106CD000826A3AB10B88502B49D005D8102B43D08B
:106CE000112B54D008B070BD512BFBD18E79022EE0
:106CF000F8D10A89038A9A42F4D18B7B043B022B98
:106D0000F0D99DF816308DF8106043F001038DF82E
:106D100016300B8AADF818304B8AADF81A300822BD
:106D200001F1140301A800210793FDF715FBA18AC7
:106D30002088019601AACDF808D0FFF701FE48B3DC
:106D4000E36A03B1984740F2FD132088ADF8143090
:106D500004A9FFF7F9FD0028C4D0E36A002BC1D0D5
:106D600008B0BDE8704018478B882380BAE7C9880F
:106D700003899942B6D108238DF81030123535F8C1
:106D8000023C8DF81830059504A99047AAE74FF604
:106D9000FF73EAE7BDF800302088DB07D3D5002673
:106DA00004A9ADF81460FFF7CFFD0028D5D1297DE7
:106DB0004B1E072B3ED8DFE803F004192226282AB1
:106DC0003B2C6B8A8DF80460012B05D8062201212B
:106DD0002046FFF743FFBEE7012315358DF80C3041
:106DE0000295A36A01A9204698477BE76A8A012396
:106DF0009A428DF80430F0D806220221E8E70223F7
:106E00008DF80430EDE70323FAE70423F8E70523C0
:106E1000F6E76B8A022B02D803220821D8E7B5F8DF
:106E20001530ADF80830002B0CBF07230623E7E729
:106E30000923E5E70322CBE7A8DF7047AADF704705
:106E40002DE9F04180468EB015461F460E4611B919
:106E5000084600F09FFD15B9284600F09BFD1C2256
:106E60000DEB02000021FDF777FA9DF81C30ADF81C
:106E70000480002443F002038DF81C3021460123D6
:106E8000032268468DF80630CDE90A44CDE90C446A
:106E90000894FDF761FA3B788DF800307B788DF827
:106EA00001309DF8023023F01F0343F00203214616
:106EB000142202A88DF80230FDF74EFA0A48CDF8E8
:106EC0000CD001AB029302AA149B0088ADF81050BD
:106ED00007A9ADF81240ADF814500696FFF7AEFFC3
:106EE0000EB0BDE8F08100BFFC9A002030B587B03D
:106EF00041F60A032B4AADF80C30044603A90120E1
:106F00008DF80E00FFF798FF0546D8B92288E2B940
:106F100022894AB1244B0093E16804F13C0342F614
:106F20002420FFF78DFFD8B9228C4AB11F4B009364
:106F3000616A04F13C0342F62620FFF781FF78B92D
:106F4000A36B7BB9284607B030BD194B009361682D
:106F500004F13C0342F62920FFF772FF0028D7D046
:106F60000546EFE71A788DF810205A888DF8112021
:106F7000120A8DF812209A88DB888DF815301B0ACA
:106F80008DF813208DF81630120A0A4B8DF8142054
:106F90000093072204F13C0304A942F65020FFF7B6
:106FA0004FFFDDE7FC9A0020EC9A0020DC9A0020DD
:106FB000E49A0020F49A002029DF704728DF704708
:106FC000064B182202FB003000230422C0E90423F0
:106FD000037183608361C360704700BF109B002012
:106FE00023B502460846C96843680093044B53F82A
:106FF0002150436910F80C1BA84702B020BD00BF08
:10700000009B002038B5194C2378182202FB03435B
:107010001A795869012A03D0032A1AD00F2038BDE3
:10702000134A996915689A68DB68A2EB0532B2F5D4
:10703000805F184401EB053100EB053034BF920846
:107040004FF48062FFF7B8FF0028E8D10123A37056
:10705000E5E74FF080531B699BB2B0FBF3F0044BA4
:107060001B681844FFF7AAFFEEE700BF109B002043
:10707000089C002070B5134D6C780A2C1FD02E7818
:107080003444E4B2092C84BF0A3CE4B2182606FB5F
:107090000454A261207103C9A360049BE360AB7830
:1070A00004F1100282E8030023B100206B78013361
:1070B0006B7070BDFFF7A6FF1128F7D1F5E704202C
:1070C000F7E700BF109B002070B5234CA3782BB1CD
:1070D00000260228A67002D0032833D070BD257880
:1070E0001E4A182101FB0541136889680133B1EB81
:1070F000033F136014D863781660013B63706B1C08
:10710000DBB21821092B01FB054188BFA5F109035A
:10711000002004312370FFF763FF2846FFF750FF7C
:107120006378002BDAD0A378002BD7D1FFF76AFF62
:107130000028D3D01128D1D02178182303FB014196
:10714000043105E02178182303FB014104310D20AF
:10715000BDE87040FFF744BF109B0020089C002052
:1071600008B50A4B00211960094B1980997008462F
:107170000131FFF725FF0A29F9D1064B00201860DD
:10718000054BC3E90000C3E9020008BD089C0020CC
:10719000109B0020049C0020009B0020064A034610
:1071A0001068042807D00860411C11601A68034B5E
:1071B00043F8202000207047049C0020009B002002
:1071C00013B5CC180C43A40708D1009313460A4604
:1071D00001460120FFF74EFF02B010BD1020FBE773
:1071E00007B500220B46009201460320FFF742FF3D
:1071F00003B05DF804FB0000094B5A78997801321E
:10720000D2B2914208BF0022197891421FBF02708A
:107210005878182202FB003014BF04300020704759
:107220000C9C0020082910B5044602D0002000F074
:10723000B1FBD4E90030BDE81040184773B50546EE
:1072400000240DF107000E468DF8074000F0B0FB5A
:107250000DF10600FFF7D0FF90B10670094B9DF8C5
:10726000062045605A709DF8070000F0C5FB24B960
:10727000054B4FF48012C3F80021204602B070BDC8
:107280000424F0E70C9C002000E100E0204B2149A1
:107290001A682F2300BF00BF00BF00BF00BF00BFA0
:1072A00000BF00BF8A422FD000BF00BF00BF00BF99
:1072B00000BF00BF00BF00BF00BF00BF00BF00BFD6
:1072C00000BF00BF00BF00BF00BF00BF00BF00BFC6
:1072D00000BF00BF00BF00BF00BF00BF00BF00BFB6
:1072E00000BF00BF00BF00BF00BF00BF00BF00BFA6
:1072F00000BF00BF00BF00BF00BF00BF00BF00BF96
:1073000000BF00BF00BF00BF013BC3D1704700BF3B
:107310003C8400200024F4000C4B0D484FF4003254
:1073200010B5C3F8802001244FF48033C0F84833EF
:10733000C0F808334460FFF7A9FF064B84600020C3
:107340001860FFF7A3FF044B187010BD00E100E0C8
:1073500000100140289D0020199D00202DE9F341D7
:107360002549264B0025C1F84051C1F84451C1F8C8
:107370004851C1F84C51C1F80051C1F804511B6883
:10738000002B34D0D1F804451D49DFF88880096806
:10739000641A24F07F442F461968A14212D81A7C3F
:1073A000DE69641A0D4462B15A691F7400929B69C8
:1073B000019342460821684600F056FA08B100F0F1
:1073C000E9FABEB90F4A104B11781B788B4205D1F0
:1073D0000133DBB2022B08BF0023137012780B4B72
:1073E00043F822500A4B4FF48012C3F8002102B038
:1073F000BDE8F0813346CFE7001001402C9D00200E
:10740000289D0020259D0020249D00201C9D0020FB
:1074100000E100E025720F002DE9F74FA84AA949C5
:1074200013780978A84C99423BD00133DBB2022B88
:1074300008BF00231370A5491278A54B0F6853F8B5
:1074400022003B1823F07F4300220B60236815467F
:107450001646944613B942B1236006E0196881428A
:107460000DD902B12360091A196001262368DFF8DB
:10747000689200930027BDB9DFF868A268E0401A5F
:107480000E44D968D3F81CE0C3F800C031B1BA1972
:1074900022F07F42C3E90121DD611D4673460122CE
:1074A000D8E700252E46E1E72846ED69874BD0F85E
:1074B00004C01B68DFF830E28168ACEB030222F005
:1074C0007F42724500F2AD800A44026001220274DC
:1074D00022680023C0E90133C361002A40F0AB8079
:1074E0002060C8E75A1C9AF80210D4F800B0D2B253
:1074F00091428AF8002004BF00228AF80020182256
:1075000002FB03A31A799868022A77D0032A00F0B5
:107510008580012A1CD190F810C0BCF1000F17D152
:10752000D96841601A6982605A69C2609B69836147
:10753000684B1B78002B18BF61464160B6E790424C
:1075400000F09E809046D269002AF8D1002303748F
:107550009AF800309AF801209A42C3D1236827B9DB
:10756000009A9A4201D1002E42D0002B00F0858073
:10757000D3F80090584C554BD4F804651868574F11
:10758000351A3B7825F07F4503359BB94FF480339E
:10759000C4F84433C4F80433514B4FF400324FF075
:1075A0000108C3F880211A60C4F80080FFF76EFE5E
:1075B00087F80080A9452CBF4844401920F07F403F
:1075C000C4F84005D4F804359B1B23F07F43801B8F
:1075D000033320F07F4083420AD9D4F80435C4F83D
:1075E0004035FFF753FE3E4B4FF40032C3F8002105
:1075F000384B00221A7003B0BDE8F08F5A46D846C7
:10760000A2E78BF81020DBF81CB00123BBF1000FC0
:10761000F7D1002B9CD0C4F800B099E700231A469C
:10762000F4E7A3EB0C0323F07F438B4234BFCB1A68
:10763000002303604AE70168136899421BD85B1A6C
:107640001360C2614CE7A1EB0C01D3F81CC01A46D1
:10765000BCF1000F0AD06346D3F800C08C45F2D3CA
:10766000ACEB010CC3F800C09C4613460160C0F8A7
:107670001CC0D861FFE61346EEE7FFF74DFEB7E703
:10768000404510D1DBF81C30236063B9DFF83CE0E3
:1076900001920121C9F80810CEF800300D4B197085
:1076A000FFF7F4FD019A1368D269C8F81C2012B1E3
:1076B00011680B44136023685B4518BF012745E739
:1076C000249D0020259D00202C9D0020289D002029
:1076D0001C9D0020189D002000100140199D0020D5
:1076E00000E100E00C9C0020FEFF7F0008B5FFF7E2
:1076F00013FE104B00200B2218809A700E4B18605E
:107700000E4B18700E4B18700E4B4FF48012E02188
:10771000C3F8802183F814131A6002F18042A2F5A5
:107720006F22C2F8080583F81113074BD2F804251D
:107730001A6008BD0C9C00202C9D0020249D002078
:10774000259D002000E100E0289D0020074B9B784C
:107750004BB132B128B10368187C20B959745A6111
:107760007047072070470820704700BF0C9C00201E
:107770002DE9F743DFF8848098F8023005460E467D
:107780001746ABB3A0B3042930D9436983B3437C14
:107790000024012B0DF107000CBF8946A1468DF88E
:1077A000074000F005F90DF10600FFF725FDD8B1FF
:1077B000012303700F4B4560D3F80435C0E90497EB
:1077C000C0E902369DF8063088F801309DF80700C0
:1077D00000F012F924B9084B4FF48012C3F80021CD
:1077E000204603B0BDE8F0830424EFE70724F7E761
:1077F0000824F5E70010014000E100E00C9C0020A7
:10780000064A92783AB130B1426922B1002202743C
:107810000221FFF713BD0820704700BF0C9C002019
:107820004B1C30B5DB00044612F003009BB20DD1B7
:10783000074D2A601A44074B1A60074B1870074B14
:107840001870074B1C80074B198030BD0720FCE7E0
:10785000389D0020349D0020309D0020409D002058
:107860003C9D00203E9D00202DE9F347DFF8C080BD
:10787000B8F800308B4206460D4617464CD300241C
:107880000DF107008DF8074000F092F8244B254ACF
:1078900025481B78008892F800C084455FFA8CF177
:1078A00038BF4C1CDBB238BFE4B2A3422ED01478F0
:1078B0001178CBB2884286BF0133DBB2002313704C
:1078C0009DF8070000F098F84FF6FF739C4225D012
:1078D000DFF86090D9F800204FEAC40A42F834700B
:1078E00002EBC403AEB1A5B1104BB8F800001B68A1
:1078F0002A4604FB0030314603F0A0FDD9F80030E1
:10790000534400209D8002B0BDE8F0874FF6FF741D
:10791000D6E700209880F6E70920F4E70420F2E794
:10792000409D0020309D00203E9D0020349D002081
:107930003C9D0020389D002070B5104C104D2278E1
:107940002B789A4200D170BD0E480F4A23781268F6
:1079500006880E4802EBC301006852F8332089887C
:1079600003FB060090470A4922780988D3B2914266
:1079700086BF0133DBB200232370E0E7409D002087
:10798000309D00203C9D0020389D0020349D00202B
:107990003E9D00201FB50021CDE9021001AA44F24E
:1079A0000100ADF80410FCF7F8FE05B05DF804FB2B
:1079B00070B5EFF3108672B60C4A946801239CB937
:1079C00093600B4B0B4DD3F8801029401160C3F826
:1079D0008050D3F8841051604FF0FF32C3F88420F8
:1079E000047006B962B670BD0370FAE7449D0020CA
:1079F00000E100E0FC06FFBD10B5084B9A685AB1E3
:107A000050B9EFF3108172B6054A1C6814605C68C7
:107A10005460986001B962B610BD00BF449D00205B
:107A200000E100E003462AB110881A4619448A4250
:107A300003D170474FF6FF70F7E712F8013B40BAE9
:107A400080B25840C0F30313584080EA0033580115
:107A500000F4FF509BB25840E9E70000064B074A8C
:107A600000201870064B1A600822C3E90120C3E900
:107A70000300C3E905007047509D0020549D00207D
:107A800034B000200020704730B5F9B1124B5C686B
:107A900000220A60E4B1B0F5167F1BD8D868013C1B
:107AA00001305C60D8601C6818694FF4177505FBDD
:107AB00000440C60012101FA00F49969013000F0E2
:107AC0000700214318619961104630BD0E20FCE784
:107AD0000420FAE70C20F8E734B00020F0B51C4988
:107AE0008A689AB34D690E68AC1A04F007042346FD
:107AF0004FF4177707FB036C604511D1012000FAA2
:107B000003F588696840886100204E68D1F818C084
:107B10004FF0010E73440025164403F007030AE0FA
:107B2000013303F007039D42E4D11020EDE74AB191
:107B3000013A1C4601250EFA04F414EA0C0FA6EBD8
:107B40000207F4D00DB1C1E90172F0BD0420FCE7D9
:107B500034B00020064A13691268013B4FF41771D4
:107B600003F0070301FB0323C3F85802002070470A
:107B700034B0002030B5C0B1B9B10E4BDA68B2B143
:107B8000013ADA609A681C6801329A605A694FF4C7
:107B9000177505FB024404600132D4F858020860EE
:107BA00002F007025A61002030BD0E20FCE70420DD
:107BB000FAE700BF34B000203FB40C49086890B128
:107BC0000B4B1C687CB10B4A1568CDE902500023B1
:107BD0008DF804300B60136004AB13E907002346F3
:107BE00004B030BC184704B030BC704758B0002017
:107BF0005CB0002068B00020DC2810B509D0DD287A
:107C000010D0C02816D1FFF7D7FF0E4B0E4A1A60CE
:107C100010BD0E4A0E4B19681368581C1060C02224
:107C2000CA54F2E7094A0A4B19681368581C1060D5
:107C3000DB22F5E7064B054A196813685C1CC8543B
:107C40001460E2E748840020697C0F0058B00020EF
:107C500068B00020C02802BF014B024A1A6070477A
:107C600048840020697C0F00C02810B409D0DB28AC
:107C70000BD0094B094A196813685C1CC85414607E
:107C800006E05DF8044BFFF797BF054B054A1A6005
:107C90005DF8044B704700BF68B0002058B000206A
:107CA00048840020F97B0F0007B501228DF80700FA
:107CB0000DF10701002002F083FD00280CBF042015
:107CC000002003B05DF804FB10B5064A064C1268AC
:107CD0002368D05CFFF7E8FF10B923680133236005
:107CE00010BD00BF6CB0002060B0002008B5C020FF
:107CF000FFF7DAFF28B9034B1B6813B9024B034A9D
:107D00001A6008BD60B000204C840020C97C0F00C0
:107D100008B5DB20FFF7C8FF10B9024B024A1A6012
:107D200008BD00BF4C8400202D7D0F0010B50C4A0B
:107D30000C4C12682368D35CC02B03D0DB2B0DD016
:107D4000042010BDDC20FFF7AFFF0028F9D1236825
:107D5000054A01332360054B1A60F2E7DD20F2E7A4
:107D60006CB0002060B00020C97C0F004C84002063
:107D70007FB5184C184D194E002002F0C1FC30B3ED
:107D800022689AB12968336899420FD2012201A969
:107D9000002002F0C1FC10B94FF0FF3001E09DF867
:107DA00004000F4BC0B21B689847E5E70D4B1B68FA
:107DB0006BB10292084A0221126803928DF80410F6
:107DC00004AA12E9070004B0BDE87040184704B0E7
:107DD00070BD00BF68B0002058B0002054B0002033
:107DE000488400205CB00020014B186000207047E0
:107DF0005CB00020034B1A780AB901221A700020E7
:107E0000704700BF50B00020014B00201870704731
:107E100050B000202DE9F04F85B0002851D02A4FF6
:107E20003B78012B07D0022B14BF082404242046E2
:107E300005B0BDE8F08F254DDFF8A090244E254C0D
:107E4000DFF89C80DFF89CA0DFF89CB0C9F8001038
:107E500000232B60022330603B70C4F800802A6846
:107E6000D9F800309A4215D3C4F80080FFF73EFFDE
:107E7000044608BB184B1B6801223A70E3B18DF829
:107E80000420326802922A68039204AA12E90700C9
:107E90009847CCE733682A689A5CC02A03D02A68DE
:107EA0009B5CDB2B04D12368534508BFC4F800B0AA
:107EB00023689847042801D10024B8E71128CED1BF
:107EC000FAE71024B3E700BF50B0002060B00020F4
:107ED0006CB000204C8400205CB0002064B0002016
:107EE000ED7C0F00C97C0F00117D0F00054B064A89
:107EF0001860064B1960064B00201860054B1A608D
:107F0000704700BF68B00020557C0F0054B00020BF
:107F100058B0002048840020064B07481B68DB004F
:107F2000DBB20022037004215B4242708270C37096
:107F3000FFF770BF98B0002070B0002070B52B4CD8
:107F40002B4D02462378012B14D0022B21D0002B7D
:107F50004BD1002A49D12748FFF752FC08B1FFF75F
:107F600019FD254B1B68002B3FD0244ABDE870400B
:107F700010781847012A38D12968214B0631186832
:107F8000FFF748FF08B1FFF705FD02232370002229
:107F9000D8E7022A16D0032A0CD032BB194B154859
:107FA0001A6041F67F21FFF7E3FBF0B1BDE87040B6
:107FB000FFF7F0BC144A1368013303F007031360A2
:107FC0000023E3E70F4A1368052B0AD0013313603F
:107FD000074B19680A4BBDE8704018680631FFF777
:107FE00019BF064B01221A70EAE770BDBCB0002031
:107FF000B0B0002074B00020ACB00020B4B00020BD
:10800000C4B00020B8B000209CB00020F0B585B00E
:1080100004AB03E907009DF80400032874D8DFE8E7
:1080200000F00802A3A6012005B0BDE8F040FFF76C
:1080300085BF039E544C032E40F28280029D6B78D4
:1080400013F00F0265D00E2A7AD1042E55D02A786B
:10805000500652D5110650D51A44AB781A44EB7825
:108060001A4412F0FF0248D1B71E39462846FFF7DE
:10807000D9FCEB5B834240D144492A780B6802F07B
:108080000702D8B282422BD1013303F007030B6001
:10809000FFF742FF3E4B012230461A70FFF75AFDB0
:1080A00008B1FFF777FC38494FF41670FFF7ECFC86
:1080B000002862D0042802D00020FFF76BFC35486E
:1080C0000521FFF713FF08B1FFF764FC324B1B6873
:1080D000002B56D04FF0000005B0BDE8F040184727
:1080E00020684FF41671FFF701FF08B1FFF752FC4B
:1080F00005B0BDE8F040FFF70FBF20684FF41671E0
:10810000FFF7F4FE00283CD005B0BDE8F040FFF7D3
:1081100041BC2978AA780B441344EA78134413F03D
:10812000FF030DD11D4A12680132C1F3C20102F0F2
:108130000702914204D11A4A03201370FFF7FEFE92
:1081400025681DB14FF416712846D9E70E494FF442
:108150001670FFF799FC60B1042802D02846FFF79B
:1081600019FC0C480521CBE70A480521C8E7032084
:10817000CAE720684FF41671C2E720684FF4167101
:108180009FE705B0F0BD00BFC0B0002098B0002050
:1081900094B00020A0B00020A8B000209CB0002027
:1081A000B4B000200220FFF7C9BE0000074B10B595
:1081B000044618600648FFF717FE08B1FFF7EAFB10
:1081C000002C0CBF0E20002010BD00BFA8B0002066
:1081D0000D800F00184A1948002310B51360184A83
:1081E0001360184A1360184A1370184A1370184B1A
:1081F000184A01211960184B1960184B1970FFF7C4
:10820000A5FA08B1032010BDFFF728FC0028FAD119
:10821000FFF7F0FD0028F6D1114C4FF416702146FF
:10822000FFF732FC0028EDD120684FF41671BDE84D
:108230001040FFF75BBE00BFC4B0002020BC0F00A1
:10824000B0B00020B8B0002094B00020BCB0002036
:1082500098B00020A5810F009CB00020B4B0002091
:10826000C0B000200C4A08B5002313600B4A13600D
:10827000FFF708FC08B1FFF78DFBFFF7C5FD08B15C
:10828000FFF788FB0648FFF7BBFA042802D100205D
:10829000FFF780FB002008BDACB00020A8B0002094
:1082A00074B0002037B50D46044698B191B10A4B21
:1082B00019780022019259B101A91A70FFF75AFCEE
:1082C000019B063B2B8023680433236003B030BD41
:1082D0000420FBE70E20F9E794B000200438FFF7F4
:1082E000FDBB18DF70470000F0B51D46154B87B089
:1082F00018680F4659681B7A03AC03C42370124BED
:1083000018685968114B009301AC03C42046164607
:1083100003F016FA21460246384603F08FF801A80A
:1083200003F00EFA01A90246304603F087F86846CA
:1083300003F006FA69460246284603F07FF807B0C4
:10834000F0BD00BF24BC0F002DBC0F00312E30004B
:108350000120704710B51C460B781E2B0AD0002355
:108360002022052102F078FC4FF6FF70A04228BFC2
:10837000204610BD0020F9E7F8B5069F14460D46CB
:108380003A46002118461E46FBF7E6FF7CB14FF047
:10839000E023D3F8F03DDB0700D500BE4FF0FF30FF
:1083A0000AE0284600F0F8F9013504F50074BC42F3
:1083B00006EB0401F5D32046F8BD0000F8B50A4FDE
:1083C0000D461E460024069B9C4206EB040101D389
:1083D0002046F8BD3A46284600F0B2FA0028F7D009
:1083E000013504F50074EEE7C8B0002030B5264D25
:1083F0002A7A8DB09AB107AC1422002120460625B6
:10840000FBF7AAFF8DF81C500B9B009394E80F001C
:10841000FCF7CAFF0620FCF7F7FC0DB030BD2B6857
:10842000002BFAD0194B197819B105201A70FCF7F6
:10843000EBFCD5E900329A42EFD307AC14220021BD
:108440002046FBF789FF6B7ADBB106234FF420420D
:108450004FF474214FF460208DF81C3002F0BEFF01
:108460000028D1D01022002103A8FBF775FF4FF49C
:1084700060224FF4205303A8CDE90423FFF731FF16
:10848000C2E78DF81C30BFE7C8B000205084002040
:10849000024B0B604FF40073138070470901010019
:1084A0000120704700487047FE840020044B054AB5
:1084B0001878054B002814BF10461846704700BFB7
:1084C000E4B20020B3840020518400202DE9FF4154
:1084D0001E4B187020B11E4B29229A720022DA72AC
:1084E0001C4A1D4DDFF878C017461C4BEE4603F1C1
:1084F0001006744618685968F046A8E80300083367
:10850000B342C646F6D12B7804A903F00F030B44FF
:1085100013F8103CD373114B18685968A646AEE89F
:1085200003000833B3427446F6D115F8013B04A9A1
:1085300001EB1313654513F8103C9373A2F102028B
:10854000D3D100233B7404B0BDE8F081E4B2002035
:10855000FE84002068B300206000001035BC0F00CE
:108560006800001010B570B9134B14481968022246
:1085700002F064FF01230133DBB211485B0043F4D6
:108580004073038010BD052814D80B4B53F82040CE
:10859000204603F0D5F8C3B21F2B28BF1F23084A7B
:1085A0002046E118884202F10202E4D010F8014BA3
:1085B0001480F7E70020E5E710850020E8B20020EE
:1085C000E6B200204DDF70474EDF70474FDF704747
:1085D00050DF704712DF704700F0C6BE002000F089
:1085E00031BD00001FB5244B402283F82723002310
:1085F0008DF807304FF4405304465A681F4B9A4297
:1086000027D10DF10700FFF7E5FF9DF8073003B311
:108610000120FFF7D9FF0120FFF7D4FF0120FFF76A
:10862000D5FF02A8FFF7D4FF029BDA0702D500208E
:1086300000F09AFE029B9B0702D5022000F094FEF8
:108640002046FFF743FF00F027F802F057FE04B082
:1086500010BD002301A88DF80430FCF721FC084B65
:10866000039303A8FCF744FCFCF748FC4FF080435D
:10867000D3F838340293D7E700E100E0DBE5B151ED
:10868000D9850F00012000F06FBE0120FCF7BCBBB4
:108690000220FCF7B9BB00007FB52F492F4802F03C
:1086A000CFFF4FF440532E4A596891424CD11A786B
:1086B000102A46D9142A186944D95B69294CB3FB9E
:1086C000F4F50A2201A904FB153403F0EDF826495C
:1086D000224802F0B5FF01A9204802F0B1FF23496A
:1086E0001E4802F0ADFF0A2201A9284603F0DCF87B
:1086F00001A91A4802F0A4FF1D49184802F0A0FF82
:108700004FF47A760A2201A9B4FBF6F5284603F065
:10871000CBF801A9114802F093FF15490F4802F068
:108720008FFF0A2201A906FB154003F0BDF801A93D
:108730000A4802F085FF0F49084802F081FF04B0A3
:1087400070BD00200023B9E70B49044804B0BDE820
:10875000704002F075BF00BF53BC0F002885002099
:10876000DBE5B15140420F0060BC0F005EBC0F0062
:1087700062BC0F006DBC0F0064BC0F0010B5034657
:108780001C1A944200DB10BD0C781CB1013103F8B7
:10879000014BF5E72024FAE72DE9F3410C460546A5
:1087A0004FF4007200212046FBF7D6FD6DB95D49FC
:1087B0003E22204602F042FE552384F8FE31AA23D1
:1087C00084F8FF3102B0BDE8F081B5F5017F2DD806
:1087D000691EB1F5817F24BF6FF4817805EB080134
:1087E000C9B10B02C1EBC15103F5807004EB412408
:1087F00040F693651A1FB2F5696F03F1010206D2C4
:10880000AB4214BF91B24FF6FF7124F8131090429F
:108810001346EFD1D6E7F823237004F1090223466B
:10882000FF2003F8010F9342FBD1DAE7B5F5027F91
:108830003AD86FF4017C65443DB920463A490B2291
:10884000FFF79CFF2823E372203438492E014FF0B4
:10885000640801EB05250027022EB3D80B22294618
:108860002046FFF78BFF57236FF046004622362144
:108870006374E3746376B31C84F80D80A073E173B2
:108880002274A27427756775A075E17522766383DB
:10889000E86830B102F054FFE06101362034103551
:1088A000DAE74FF4E910F7E7214B9D428AD86FF4DD
:1088B0000277EA19012A0FD81C4B03EB0213D9687F
:1088C0000191084602F03CFF01990246204602B0A1
:1088D000BDE8F04102F0B2BD6FF4FD76A9190902BE
:1088E000B1F5801FBFF46EAF124B236003F1144348
:1088F00003F52C1303F6023363600F4BC4F8FC310D
:108900004FF46963A3614FF40053A5F20B254FF4B4
:108910008072A360094B6561E1602261E36104F14B
:108920002000D4E770BC0F009BBC0F0024BD0F00DB
:10893000080101005546320A306FB10A29009A2316
:10894000F7B5654B14460A689A420D4639D103F1D2
:1089500014434A6803F52C1303F602339A4230D1CC
:10896000D1F8FC215D4B9A422BD18B6823F4FF5345
:1089700023F01E039B049B0CB3F5005F21D10B6910
:10898000B3F5807F1DD1C86810F0FF0619D1CB69FF
:10899000534A934205D0534A934215D0524A9342C8
:1089A0000FD1A0F58053B3F5692F07D201234FF4FF
:1089B000807205F12001FBF799FE22E0B0F5805F9F
:1089C0001FD34FF0FF3021E001276772CB68B3F16E
:1089D000102F1DD104223431684602F02FFD0422ED
:1089E00005F138010DEB020002F028FD009BB3F504
:1089F000742F03D1019BB3F57E2F01D02772E0E7DE
:108A0000A772AB69002B37D14FF4007003B0F0BDF3
:108A1000A3F57422B2F5204F28D2E27A01F12007A3
:108A2000DAB9324A934218D32B69B34215D90422DA
:108A3000B919684602F002FD009BD02B14D1042224
:108A4000311D0DEB0200394402F0F8FC264B019A6F
:108A50009A424FF001030DD1E372E8682A690123BD
:108A60003946A0F5A030A6E70836DDE7B3F5805F0C
:108A7000C7D301232372A4E72268934207D041F2AF
:108A800063018B4200D80AB14FF0FF3323606B695A
:108A900041F263029342B7D803F0070204EBD30319
:108AA000012191401A7B1142C8B204D1616802438E
:108AB00001311A736160D4E900329A42A4D30120D3
:108AC000FBF7F6FD637A002B9ED0A37A002B9BD197
:108AD0000123237298E700BF5546320A306FB10A6E
:108AE0004028A5AD3C8263D629009A2300D80F0008
:108AF0004FF08053D3F83001082802D1D3F8343135
:108B000023B9A0F10D035842584170470120704726
:108B1000094B012283F8D8200260BFF36F8FBFF3A7
:108B20004F8F064A904202D0043A904202D100226E
:108B300083F8D820704700BF7CB3002050700240FB
:108B400042DF704743DF704744DF704712DF7047F2
:108B500010B5134B134A5B68C3F3080373B9EFF303
:108B600010835BB910494B681B0607D58024C1F8F8
:108B7000844092F8D8307BB14C60F8E792F8D83056
:108B800033B10146BDE810400848012201F094B815
:108B9000BDE81040FFF7BCBFFFF7BAFF4C6010BD47
:108BA00000ED00E07CB3002000E100E0518B0F00FD
:108BB0000D4B182202FB0033598A1A8A521A998ADD
:108BC00092B28A4228BF0A46D9681423434303F16C
:108BD000804303F51C33C3F80016C3F80426034B87
:108BE00003EB8000FFF7B4BF7CB3002004700240A9
:108BF00007B54FF4405300205A68084B9A420AD1F7
:108C00008DF807000DF10700FFF7A0FF9DF80700A2
:108C1000003818BF012003B05DF804FBDBE5B1515B
:108C200007B5FFF7E5FF58B1002301A80193FFF74F
:108C30008BFF0198003818BF012003B05DF804FBDA
:108C40004FF08043D3F80C0400F00110A0F10113A1
:108C500058425841F1E70000074BD3F8C024D10334
:108C600009D406490648D1F8C010C3F8A017C3F8C4
:108C7000A427FFF76DBF7047007002407CB300204F
:108C8000487002400828F0B402D1F0BCFFF7E4BFFE
:108C90000F4D104A182141436E1800F5947369581E
:108CA00052F82340F788B388DB1B9BB2A4B2A342DF
:108CB00028BF2346142404FB0022C2F80017C2F880
:108CC0000437054BF0BC03EB8000FFF741BF00BF4A
:108CD0007CB3002000700240287002407047000002
:108CE000014B80225A60704700E100E0024B802275
:108CF000C3F88420704700BF00E100E0074BD3F8C1
:108D00000014D3F800240A43C3F800240022C3F857
:108D100058214FF48002C3F80423704700700240CA
:108D200070B58878404D00F07F0318220C26C409E6
:108D30005A4306FB04228E882A44C6F30A0616818B
:108D4000CA7802F00302012A29D00121374A01FA28
:108D500003F5D4B903F10C06B140C2F80413D2F8FC
:108D6000141503F594732943C2F8141542F82340EF
:108D70002E4BC3F8180540F48070C3F80C05BFF300
:108D80006F8FBFF34F8F012014E002339940C2F878
:108D90000413D2F810352B43C2F81035E8E7082B3E
:108DA00009D04FF0E023D3F8F00D10F0010001D00E
:108DB00000BE002070BD1D4BDCB9B5F8D42012B147
:108DC0008022C3F81C250022C3F85021D3F80023C9
:108DD00012F4001208BFC3F85421144B4FF4401290
:108DE000C3F80423D3F8142542F48072C3F8142581
:108DF000BEE70022C3F82C21B5F8C82012B18022AA
:108E0000C3F81C25094BD3F8002312F4001208BF45
:108E1000C3F85421064AC3F80423D3F8102542F4BA
:108E20008072C3F81025A3E77CB3002000700240D5
:108E3000000820001D4B2DE9F041802201241C4D2B
:108E4000DFF87880C3F88420274604F10C03A21CC5
:108E500007FA02F207FA03F31343C5F80833A30035
:108E600003F1804303F51C330026182202FB048023
:108E70005E6031469E620134FBF76EFA082C4FF0BB
:108E80001802E2D10B4BC5F808330B48C5F81C6536
:108E900031466E62AE64FBF75FFA044BC5F8147599
:108EA0008022C5F810755A60BDE8F08100E100E04D
:108EB00000700240000830003CB400207CB3002069
:108EC000F7B51F4601F07F0018231F4CCD090E4651
:108ED00043430C2101FB053104EB010C62500022DD
:108EE000ACF80470ACF8062018B1F5B1FFF760FEDD
:108EF00018E017BB154BD3F88034C3F3C0139D4261
:108F00001BD01348FFF724FE124B5B68C3F3080322
:108F1000003B18BF012300933A463B463146384692
:108F200000F0B5FE012003B0F0BD1C44A37A002B75
:108F3000F8D0A572FFF7A6FEF4E7002DD6D10648BB
:108F4000FFF706FEEEE700BF7CB300200070024092
:108F50005070024000ED00E04C70024011F07F00C4
:108F600008B507D10D4B01225A65BFF36F8FBFF3D0
:108F70004F8F08BD0828F8D0084B41F48072C9090A
:108F8000C3F81825F1D1064B182202FB00339A7A58
:108F9000002AEAD09972FFF775FEE6E700700240FA
:108FA0007CB3002011F0770F12D00A4B41F480728D
:108FB000C3F80C15C3F80C25CA09C3F8181504BF6B
:108FC00001F5947143F82120BFF36F8FBFF34F8FEA
:108FD000704700BF00700240174B0122002110B5FE
:108FE000C3F81425C3F810250A468B0003F180430B
:108FF00003F51C33013108295A609A62F5D10E4BF2
:109000000E4C5A629A64C3F85821D3F80014D3F86E
:1090100000240A43C3F80024D3F80023C3F808232C
:10902000074AC3F804230021DC222046FBF794F909
:109030004023A382238110BD007002407CB3002036
:109040000514C0012DE9F04FB24BB34AD3F8001319
:10905000002385B01C4601201D4621FA03F6F607C1
:109060000BD552F8236046B100FA03F6344342F8B8
:109070002350BFF36F8FBFF34F8F0133192BECD108
:10908000E20706D5FFF7A8FF00210122084600F0FD
:10909000D5FD14F4006FA14D08D09E4BD3F8A8362F
:1090A0009BB2A5F8D230012385F8D730A30221D591
:1090B000984ED6F8143513F4807302D0FFF7CCFD28
:1090C0000123D6F81025D70540F1188195F8D7303F
:1090D0005BB1B5F8D2200023012185F8D73092B2D8
:1090E00000911846882100F0D2FD012203210020C2
:1090F00000F094FD660228D5864BD3F8006406F490
:10910000E062F005C3F8002406D50122C3F82C253F
:109110000421002000F082FD71050FD57D4B012256
:10912000C3F808259A65D3F8002312F4001208BF8B
:10913000C3F854214FF40012C3F80423B20504D538
:1091400001220521002000F069FD23022BD5714B7F
:10915000D3F88014C9B28DF80810D3F88424D2B2A1
:109160008DF80920D3F888048DF80A00D3F88C0410
:109170008DF80B00D3F890048DF80C00D3F894040C
:109180008DF80D00D3F898048DF80E00D3F89C34B8
:109190008DF80F304F0601D1052A04D0012202A913
:1091A000002000F05EFD5E4B23405BB195F8D830A7
:1091B000002B40F0AB804FF0E023D3F8F03DDE070A
:1091C00000D500BEDFF85481DFF84891DFF858B1D0
:1091D000474600264FF0140A06F10C0324FA03F365
:1091E000D807F1B222D50AFB0693082ED3F8082738
:1091F0003B6853FA82F33B604FF0180303FB0653BE
:10920000D2B2D88812FA80F080B2D88000F08E8076
:109210003889904240F08A80DB88BA889BB29A42B3
:1092200040F2848011B95846FFF792FC0136092EAE
:1092300007F11807D0D13B4B2340002B5BD0354BB7
:10924000D3F86C94C3F86C94BFF36F8FBFF34F8F58
:1092500014F4806407D0D3F88044D3F8803419061E
:10926000C4F3C01470D54FF0000A2C4F00264FF005
:10927000180B29FA06F3DA07F0B201D4CEB9C4B15B
:10928000244B142202FB0633FA68D3F8083652FA4C
:1092900083F2FA600BFB0652518A89B251FA83F3CA
:1092A0009BB25382538A398A9BB299424FD9FFF7B6
:1092B0007FFC0136082E07F11807DAD100241826A2
:1092C000012704F1100329FA03F3DB07E0B203D40A
:1092D00064B9BAF1000F09D006FB0452B8F80410C3
:1092E000D3889BB299423DD9FFF7CCFC0134082CBE
:1092F00008F11808E5D105B0BDE8F08F002B7FF428
:10930000F4AE4FF40013C6F80833EEE6002385F8F8
:10931000D83057E700700240007102407CB3002053
:10932000FCFB1F00000400014C700240182303FBEB
:109330000653DA88BA80DA8801230093002392B2B8
:10934000184600F0A4FC71E74FF0010A8DE7528A3D
:1093500001230093002340F0800192B2184600F0F0
:1093600096FCA6E79772C1E7012813B5044600F002
:10937000C380022859D0002855D1784BD3F8002556
:10938000002A50D14FF48002C3F808234FF4006242
:10939000C3F80024BFF36F8FBFF34F8FFFF7A8FB15
:1093A00060B16F4BD3F8001C032269BB49F27531E1
:1093B000C3F8001CC3F8142DC3F8001C4FF08053F1
:1093C000D3F83031082B0CD1654BD3F8001CC022E8
:1093D000E9B949F27531C3F8001CC3F8142CC3F87D
:1093E000001C5E4B0124C3F80045BFF36F8FBFF331
:1093F0004F8FFFF715FCB0B9FFF7FAFB50B102B081
:10940000BDE81040FFF79CBBC3F8142DD6E7C3F8A6
:10941000142CE6E74FF08043C3F80001D3F8002195
:109420000192019A1C6002B010BD4C4CD4F8043576
:109430001BB1FFF7F5FB0028F5D1D4F800341B056C
:10944000FBD54FF40063C4F80034BFF36F8FBFF354
:109450004F8F4FF08053D3F83031082B0CD1404B55
:10946000D3F8001C00293FD149F27532C3F8002C13
:10947000C3F8141CC3F8002CFFF73AFB58B1384B63
:10948000D3F8001CA1BB49F27532C3F8002CC3F815
:10949000141DC3F8002C4FF08053D3F83031082B43
:1094A0002E4B0AD140F2E372C3F800284022C3F8E1
:1094B0000428BFF36F8FBFF34F8F80220121C3F8C1
:1094C0001C25C3F80413274BC3F884215A60FFF707
:1094D000A7FB0028FBD0214B0122C3F80425BFF3D2
:1094E0006F8FBFF34F8F9EE70022C3F8142CC3E7A2
:1094F0000022C3F8142DCEE7184BD3F80025002A1C
:1095000091D00022C3F80425BFF36F8FBFF34F8FB4
:1095100014498020C1F88400D3F80013C3F808135D
:10952000C3F80025BFF36F8FBFF34F8FFFF760FBCA
:1095300078B1FFF707FB0C4B5A68C2F30802003AF8
:1095400018BF01220221002002B0BDE8104000F047
:1095500065BB4FF080435C60EDE700BF00700240E8
:1095600000E0064000E100E000ED00E00A440346B0
:1095700090B2884202D39A89824202D25A89104418
:1095800080B2704782888A4210B504D884898B1AC9
:109590009BB29C4203D243891A44891A8BB203823C
:1095A00010BD930813B501EB8303044699420BD118
:1095B00012F0030206D0002301A8019301F03EFF40
:1095C000019B236002B010BD51F8040B2060EDE751
:1095D0002DE9F04385B01446BDF83050AB4238BF9A
:1095E0004289A3EB05091FFA89F938BFA9EB0209E3
:1095F000828838BF1FFA89F94A45884607461946C6
:1096000005D2FFF7BFFF058AB0F80490ADB2B9F1FB
:10961000000F1FD0A14528BFA146BC88AC421DD970
:10962000FA889DF834003968661BA9EB04042C44C1
:10963000B3B214FB02F416FB02F60128B6B2A4B2D0
:1096400002FB051116D099450BD802FB09F24046E2
:1096500001F0F4FE484605B0BDE8F0832D1BADB225
:10966000DCE73246404601F0E9FE3968224608EB65
:109670000600EDE7994506D819FB02F292B2404682
:10968000FFF78FFFE6E726F00305ADB22A46404616
:109690000191FFF786FF16F0030628D001990D44CB
:1096A000C6F1040189B2A1424FF0000328BF214650
:1096B000641A039303ABA4B2A8191A4685420CD1CD
:1096C0003B68013E164419448B420BD1039BC8F8FA
:1096D0000030002CBED02246D1E715F801CB03F8AC
:1096E00001CBEBE713F8012B06F8012FECE7396803
:1096F000EFE713B5930800EB8303984209D112F00A
:10970000030204D00B68019301A901F097FE02B097
:1097100010BD0C6840F8044BEFE770B59A42A2EB1D
:1097200003041D4638BF4389A4B238BFE41A8388B6
:1097300038BFA4B2A3420E46114602D2FFF722FF61
:10974000848874B18288AA4208D9C28801683046E8
:1097500002FB051101F072FE012070BDAD1AADB221
:10976000F1E72046F9E72DE9F0430746B0F80E90FF
:109770008588048A1646C288007A85B01FFA89F95E
:10978000A4B288BBA145A9EB040038BF7C8980B294
:109790003CBF001B80B2281A80B2864228BF064612
:1097A0004C46AC4228D2A5EB0408751B386825440A
:1097B0001FFA88FC15FB02F518FB02F8012B1FFAB3
:1097C00088F8ADB202FB040022D0664517D8724378
:1097D00001F034FE324649463846FFF7C7FEF881AD
:1097E000304605B0BDE8F083AE4221BF761B02FBD8
:1097F0000611A1462E46D3E7641BA4B2D1E7424628
:10980000009101F01BFE009938682A464144DFE7C9
:10981000664505D816FB02F292B2FFF76AFFD9E758
:1098200028F00304A4B22246CDE90001FFF761FF4E
:1098300018F00308019929D0C8F104039BB2AB4288
:1098400000980A68039228BF2B46013CED1A0DF1DF
:109850000C0C2044ADB244466246013C1CF801EBBE
:1098600000F801EF14F0FF04F7D13868904408EBDA
:109870000304421EA04504D11844002DAAD02A4654
:10988000CBE718F801CB02F801CFF3E73868F4E72B
:10989000B2F5004F10D882805200C38092B29DF87A
:1098A00000300372531E838152420023C381016042
:1098B000428103820120704700207047C189028ADB
:1098C00089B292B29142A1EB020338BF42898088EB
:1098D0009BB23CBF9B1A9BB2984228BF1846704768
:1098E000C289038A92B29BB2D31A58425841704738
:1098F00010B5C189028A848889B292B2914238BF78
:109900004089A1EB02039BB23CBF1B1A9BB2E01A39
:1099100080B210BD38B5C289038A04469BB292B2A8
:10992000FFF7FBFE218A054682B289B22046FFF787
:109930001DFE2082284638BD73B5C389058A0026DE
:10994000ADB20446CDE900569BB2FFF741FE218A35
:109950000546024689B22046FFF708FE20822846C7
:1099600002B070BD38B5C589028AADB292B2AA42C2
:10997000A5EB020388BF42899BB288BF9B1A8288ED
:1099800088BF9BB29A42044614D1007A90B938BD80
:109990009B1A9BB29342FBD2E288206802FB030031
:1099A00001F04CFD012229462046FFF7DFFDE08152
:1099B0000120ECE72B46EDE712B10023FFF7D3BE01
:1099C000104670470023C381038283885B009BB2EB
:1099D0005A1E5B428281438101207047017201203F
:1099E000704700000B4B63B10B4B1B78834206D9C9
:1099F0000A4B1B6800EB400003EBC0007047C01A25
:109A0000C0B2012803D8064B00EB4000F4E7002069
:109A1000704700BF000000005CB4002058B4002074
:109A200054BD0F0070B5104E054600242046FFF7C8
:109A3000D9FF43682846984733780134E4B20133AC
:109A4000A342F3DA372200210848FAF785FC1022F6
:109A5000FF210748FAF780FCBDE870400548122254
:109A6000FF21FAF779BC00BF5CB400205DB4002090
:109A700060B4002070B4002037B50C460546C868B5
:109A8000019200F0A5FDE368019A0021284603B089
:109A9000BDE83040184773B5054614463AB9037817
:109AA000012B04D110460191FFF720F90199281DDF
:109AB000FFF758FF06462CB92B78012B02D1204620
:109AC000FFF70EF936B94FF0E023D3F8F03DDB078E
:109AD00000D500BE02B070BD024B5878003818BFE8
:109AE000012070475DB40020024B1878C0F380005D
:109AF000704700BF5DB40020014B1878704700BF6D
:109B000094B40020F8B5164E3178054629BB154CA3
:109B100015483722FAF720FC201DFFF753FF134B9F
:109B20001C60134B23B11348AFF30080124B186035
:109B3000104F00242046FFF755FF036898473B78F5
:109B40000134E4B20133A342F4DA2846FFF7C6F841
:109B50002846FFF7C5F8012333700120F8BD00BF88
:109B600094B40020A88600205DB4002098B40020A2
:109B7000000000005CB4002058B400201FB54378FA
:109B8000023B0A46032B12D8DFE803F0022A192110
:109B9000204B19786FF300011970197800246FF3C6
:109BA000410119705C70197864F3820119701A4BC5
:109BB0000146186804B0BDE81040FFF76CBF154BB4
:109BC0001978C90723D5197841F00401EEE7114946
:109BD0000B78DC071BD50B786FF382030B70E6E77D
:109BE0000C490B785B0712D50B786FF382030B706F
:109BF0000023CDE90133039303788DF80430052366
:109C00008DF80530044B01A91868FFF744FF04B034
:109C100010BD00BF5DB4002098B400201FB5002324
:109C2000CDE901338DF804008DF8051001A8114627
:109C30000393FFF7A3FF05B05DF804FB1FB50023F6
:109C4000CDE9013303938DF8040001238DF808104A
:109C500001A811468DF80530FFF790FF05B05DF8BB
:109C600004FB1FB5144600230822CDE901330393FA
:109C70008DF8040006230DEB02008DF8053001F08D
:109C8000DDFB214601A8FFF779FF04B010BD1FB529
:109C90000024CDE901448DF8040007208DF805006B
:109CA0008DF8081001A89DF8181003928DF809305E
:109CB000FFF764FF04B010BD1FB54FF40063CDE99A
:109CC0000130039101A81146FFF758FF05B05DF878
:109CD00004FB000038B58B7803F07F03082B0546A2
:109CE0000C4608D94FF0E023D3F8F03DDB0700D550
:109CF00000BE002038BD064B2046997801F00DFBD0
:109D00000028EFD021462846BDE83840FFF708B8C4
:109D10005DB400202DE9F047DDE9085681460C4688
:109D200090469A460027B84501DC01200EE0637892
:109D3000052B04D1E37803F0030353450AD04FF019
:109D4000E023D3F8F03DDA0702D40020BDE8F08725
:109D500000BEFAE721464846FFF7BCFF38B94FF08E
:109D6000E023D3F8F03DDB07EFD500BEEEE7A378A4
:109D7000DA0914BF33702B70237801371C44D2E703
:109D80000B4B01F07F0203EB420303EBD1112031B7
:109D9000487910F0010008D14B795B0706D44B7964
:109DA00043F004034B71012070470020704700BF4F
:109DB0005DB400200B4B01F07F0203EB420303EB89
:109DC000D11120314B7913F0010209D14B79C3F342
:109DD00080005B0705D54B7962F382034B717047B6
:109DE000002070475DB4002070B5164D01F07F066D
:109DF00005EB460505EBD11420346579ED0709D54F
:109E00004FF0E023D3F8F03DDA0701D4002070BD15
:109E100000BEFBE7657945F001056571FFF750F875
:109E20000028F4D1637960F300036371637960F310
:109E3000820363714FF0E023D3F8F03DDB07E5D5F3
:109E400000BEE4E75DB40020054B01F07F0203EBA8
:109E5000420303EBD11191F8250000F00100704797
:109E60005DB4002010B50B4B01F07F0203EB420301
:109E700003EBD114203463799B0709D4FFF76EF804
:109E8000637943F002036371637943F00103637103
:109E900010BD00BF5DB4002010B50B4B01F07F0278
:109EA00003EB420303EBD114203463799B0709D5FC
:109EB000FFF778F863796FF34103637163796FF3A8
:109EC0000003637110BD00BF5DB40020054B01F0BD
:109ED0007F0203EB420303EBD11191F82500C0F39D
:109EE000400070475DB400202DE9F04F87B001F0CD
:109EF00012FA002800F09182AF4B1D682B78012BDD
:109F000002D10020FEF7F2FE03A9281DFFF702FD93
:109F10002B78012B044602D10020FEF7E1FE002C35
:109F200000F07B829DF80D30013B072B00F2B382DD
:109F3000DFE813F008001300A8027E028D021F0064
:109F40004A02AA029DF80C00FFF76CFD00F038FBF6
:109F50009A4B9DF810209A70CEE79DF80C00FFF701
:109F600061FD00F02DFB964B002BC5D0FEF790FB5A
:109F7000C2E7924C9DF80C50237843F00103237004
:109F800094F825306FF3000384F8253094F82530D9
:109F90006FF3820384F8253094F826306FF30003C2
:109FA00084F8263094F826306FF3820384F8263044
:109FB000002000F00DFB9DF8106006F06002602AA2
:109FC00011D14FF0E023D3F8F03DDC0700D500BEFF
:109FD0009DF80C000021FEF7C1FF9DF80C008021C8
:109FE000FEF7BCFF88E7402A0DD176480028EFD065
:109FF00000F0EEFA04AA00212846AFF30080002802
:10A000007FF47AAFE4E706F01F06012E00F07181BD
:10A01000022E00F09881002ED3D1202A0FD19DF876
:10A0200014300F2BD4D82344D878FFF7DBFC01463B
:10A030000028CDD004AA2846FFF71EFDDFE7002A3E
:10A04000BFD19DF81130092BBBD801A252F823F0E3
:10A05000DDA20F00CBA20F00C39F0F00B7A20F001D
:10A06000C39F0F0079A00F00F5A10F00C39F0F0041
:10A0700093A00F00A9A00F0004A800F0AFFA9DF86C
:10A0800012102846FEF73AFE237843F002032370AD
:10A0900032E763788DF80A3001230DF10A0204A932
:10A0A000284600F059FA27E79DF812906378994501
:10A0B00037D063783BB12846FEF7BCFEA678284629
:10A0C000FFF7B0FCA670B9F1000F2AD009F1FF30FC
:10A0D000C0B2FEF7EBF910B14378022B08D04FF075
:10A0E000E023D3F8F03DDF077FF56BAF00BE68E7F4
:10A0F000C379C3F38012C3F340131B0143EA421335
:10A10000227822F03002134323704388C31800F1F1
:10A1100009060093009BB3420AD82B4B0BB1FEF704
:10A12000B4FA84F8019004A9284600F003FAE3E6A3
:10A1300073780B2B03BF337896F80380F6184FF033
:10A1400001087378042BCAD1009B9A1B93B2019328
:10A150004FF0000B1D4B1B785FFA8BF70133BB42AE
:10A16000BDDB3846FFF73EFC31468368019A8246E4
:10A17000284698470828024639D9019B834236D39E
:10A18000B8F1010F06D1DAF8083011498B4208BF47
:10A190004FF002080021CBB298451DD83B4631460E
:10A1A0000C48019201F0E9F8084B019A1B78013341
:10A1B0009F421644AEDD92E798B400205DB40020C3
:10A1C00091860F00000000008B860F005CB4002019
:10A1D0007DA80F0070B40020B078034454FA83F3D4
:10A1E0000131D878FF287FF47AAFDF70D3E70BF125
:10A1F000010BAFE7BDF81200030A5A1EC0B20E2AC7
:10A200003FF6E6AE01A151F822F000BF49A20F00CF
:10A2100073A20F0095A20F00D19F0F00D19F0F00D6
:10A22000A9A20F0073A20F00D19F0F00D19F0F00B2
:10A23000D19F0F00D19F0F00D19F0F00D19F0F0022
:10A24000D19F0F005BA20F00FEF72CF912230246EC
:10A2500004A9284600F080F9D1E6934B002B3FF487
:10A26000B7AEAFF30080024600283FF4AAAE4388A1
:10A27000EEE7022B07D1FEF719F900283FF4A1AE53
:10A2800043880246E4E7894B002B3FF4A1AEAFF3CD
:10A290000080F2E7BDF81410FEF764F902460028CA
:10A2A0003FF496AE0378D3E7814B002B3FF490AE9A
:10A2B000AFF30080F2E7BDF81230012B7FF488AED7
:10A2C000237843F0080323702DE7BDF81230012BEB
:10A2D0007FF47EAE23786FF3C303F4E72378C3F3F0
:10A2E00040129B0803F002031343ADF80A30022327
:10A2F000D3E69DF814300F2B3FF66AAE2344D8788E
:10A30000FFF770FB014600283FF462AE04AA28461E
:10A31000FFF7B2FB00287FF4EFAD9DF8103013F08B
:10A3200060047FF455AE9DF811300A3B012B3FF6D7
:10A330004FAE00F04DF99DF811300A2B7FF4F3AECB
:10A340008DF80A40A8E69DF8141001F07F03082B51
:10A350003FF637AE04EB430303EBD113D87CFFF792
:10A3600041FB07462AB100283FF432AE04AA014659
:10A3700061E69DF8113003F0FD02012A08D0002BA0
:10A380007FF41FAE2846FFF7A1FDADF80A00AEE747
:10A39000BDF8122022B9012B284612D1FFF77CFD0F
:10A3A000002F3FF4A9AD04AA39462846FFF764FB05
:10A3B000002000F00DF994F82630DE073FF59CAD43
:10A3C000B1E6FFF74FFDEBE79DF81010394B01F0B8
:10A3D0007F0403EB440303EBD11393F825006FF3E1
:10A3E000000083F8250093F825006FF3820083F8BE
:10A3F00025003CB9059B9DF811209DF80C0000F04C
:10A40000FBF879E5D87CFFF7EDFA48B94FF0E02387
:10A41000D3F8F03DD80700D500BE07B0BDE8F08FF7
:10A420000469059B9DF811209DF80C00A04763E589
:10A43000204B1A78D1077FF55FAD1F4A002A3FF401
:10A440005BAD1878C0F3C000AFF3008054E5194B42
:10A450001B78DA077FF550AD184B002B3FF44CAD5D
:10A46000AFF3008048E5FFF7BDFA436913B19DF8EB
:10A470000C0098470134124B1B78E0B20133834241
:10A48000F1DA39E50024F6E7049B002B3FF434AD04
:10A490000598984730E54FF0E023D3F8F03DDB070F
:10A4A0007FF52AAD00BE27E5000000000000000097
:10A4B000000000005DB4002000000000000000006B
:10A4C0005CB4002037B514490446CA89888991F9DB
:10A4D0000050831A9BB2402B28BF4023002D10DA76
:10A4E000904214D01A4689680C48019300F0A6FFE8
:10A4F0000A4A019B8021204603B0BDE83040FFF7A7
:10A5000073BC90424FF0000103D10022F3E7802199
:10A51000FBE7024AEFE700BF5CB5002070B5002002
:10A5200011F0800F4FF000031A460CBF802119462E
:10A53000FFF75ABC30B4074C05460B46086849681B
:10A54000224603C20022C4E902222846197830BC00
:10A55000FFF7E6BF5CB50020F8B5184E0C4605467F
:10A5600008684968B260374603C70021F181E18875
:10A570008B4228BF0B46B381E18889B153B14AB9F8
:10A580004FF0E023D3F8F03DDA0701D40020F8BD06
:10A5900000BEFBE72846FFF795FF30B10120F6E744
:10A5A00021782846FFF7BCFFF7E74FF0E023D3F808
:10A5B000F03DDB07EAD500BEE9E700BF5CB500204F
:10A5C000024814220021F9F7C7BE00BF5CB5002085
:10A5D000014B1861704700BF5CB5002010B5024602
:10A5E000044C00685168234603C30023C4E90233C6
:10A5F00010BD00BF5CB5002070B52D4C1E46237801
:10A60000C909B1EBD31F054618D04EB14FF0E02376
:10A61000D3F8F03DDA0701D4002070BD00BEFBE79F
:10A62000244B13B12146AFF3008023690BB90120FD
:10A63000F3E71F4A022128469847F8E794F90030CB
:10A64000002B06DBA0680028E6D01B49324600F04C
:10A65000F5FEA268E38932443344A260E2889BB2EB
:10A660009A42E38101D03F2E1ED823696BB921782D
:10A670002846FFF755FF0028D9D14FF0E023D3F843
:10A68000F03DDB07C8D500BEC7E70121084A2846D0
:10A69000984701460028EAD12846FEF75FFC802152
:10A6A0002846FEF75BFCC2E72846FFF70BFFE2E710
:10A6B0005CB500200000000070B5002070B500F10E
:10A6C000100504462846FFF713F93F2817D9E1780B
:10A6D0000020FFF755FB90B12846FFF709F93F2806
:10A6E000E17807D904F638024023BDE87040002025
:10A6F000FFF77ABBBDE870400020FFF75BBB70BD81
:10A7000008B5044B40F6B80202FB00301030FFF7EA
:10A71000D5F808BDB0B5002070B540F6B804074EB6
:10A72000444304F1100092B23044FFF705F90546A6
:10A730003019FFF7C3FF284670BD00BFB0B5002039
:10A740002DE9F0410446FFF7C7F910B90020BDE834
:10A75000F081FFF7C9F906460028F7D140F6B801A5
:10A76000164D4C4304F12408A8444046FFF7A6F8D0
:10A770000028EBD02F193046B978FFF701FB0028ED
:10A78000E4D004F678042544294640224046FFF7E9
:10A79000D3F8B978044668B103462A463046FFF735
:10A7A00023FB48B94FF0E023D3F8F03DDB07CDD5CC
:10A7B00000BECCE7FFF7FEFA2046C8E7B0B50020A0
:10A7C00070B50B4C40F6B80303FB0044243492B23E
:10A7D00005462046FFF7F0F806462046FFF76EF8DC
:10A7E0003F2802D92846FFF7ABFF304670BD00BFB7
:10A7F000B0B5002037B5144C40F6B8020021204611
:10A80000F9F7AAFDFF234FF4424201256371E2806C
:10A810000023082263812273009304F138012B4640
:10A820004FF4806204F110002581FFF731F80095A4
:10A830002B464FF4806204F5876104F12400FFF792
:10A8400027F803B030BD00BFB0B5002010B50A4CEA
:10A85000002105222046F9F77FFD04F11000243481
:10A86000FFF7B0F82046FFF7ADF820460121BDE81C
:10A870001040FFF7B3B800BFB0B50020F7B54B7973
:10A88000022B064603D00025284603B0F0BD8B7985
:10A89000022BF8D1204FBB787BBB8B783B700C78B8
:10A8A00009250C4403E023781D44ADB21C446378B1
:10A8B000242B1BD19542F6D96378042B12D16379EE
:10A8C0000A2B0FD1154B27780193013300930223F4
:10A8D0001A46E1193046FFF71DFA70B10E3517FA26
:10A8E00085F5ADB20C48FFF7E9FECDE7052BE3D1C6
:10A8F00021463046FFF7EEF938B94FF0E023D3F8A0
:10A90000F03DDB07BFD500BEBDE7A3787B702378A1
:10A910001D44ADB21C44CFE7B0B50020B2B5002055
:10A9200070B50B461146127802F06002202A45D11C
:10A93000234E8A883478944240D14A78203A032AB8
:10A940003CD8DFE802F00213162F2BB91D4A07236B
:10A95000FFF702FE012070BD022BFBD11A4B002B2A
:10A96000F8D018490020AFF30080F3E7002BF1D1B5
:10A97000ECE713B9FFF7DEFDECE7022BEAD14C88D8
:10A980001248347104F0010585F00101FFF726F843
:10A990000F4B002BDED0C4F3400229460020AFF35A
:10A9A0000080D7E7002BE5D0022BD3D1094B002B39
:10A9B000D0D049880020AFF30080CBE70020CAE761
:10A9C000B0B50020B6B5002000000000D4B50020CE
:10A9D00000000000000000002DE9F347374D1C4641
:10A9E000EB788B4207460E4607D0AB788B4258D1A6
:10A9F000AB78B34232D001245CE0A2B205F6380154
:10AA000005F11000FEF7D8FF2D4B2BB92D4BEBB9FC
:10AA10002A48FFF753FEEBE76B79FF2BF6D005F6DC
:10AA200038094FF0000805F1100AA045EED019F8DA
:10AA3000013B6A799A4206D15046FEF751FF10B9A0
:10AA40006979AFF3008008F10108EEE71E48FEF7D0
:10AA500047FF0028DCD1FDF78BF9D9E71B4B13B179
:10AA60000020AFF300800020FFF76AFE0028C2D16B
:10AA70001748FEF723FF0028BDD1002CBBD014F0EF
:10AA80003F03B8D1A97801933846FFF779F9019BC4
:10AA900004460028AFD0A9781A463846FFF7A4F933
:10AAA00008E04FF0E023D3F8F04D14F0010401D09A
:10AAB00000BE0024204602B0BDE8F087B0B50020FB
:10AAC00000000000717D0F00C0B5002000000000F4
:10AAD000D4B5002030B4104B02249A6B83F82C10AC
:10AAE000996883F8304093F83C408A1A9A6224B9F6
:10AAF00042F205059D8783F83E4051B14AB11A7B69
:10AB0000D20930BC14BF93F82E1093F82F10FFF722
:10AB1000A9B930BC704700BF68CE002038B5154BCE
:10AB2000154C054673B1607BAFF3008050B942F21B
:10AB3000077384F83E00A38728460121BDE838400A
:10AB4000FFF7C8BFA26BA36894F82F109B1AB3F548
:10AB5000805F28BF4FF48053084A9BB22846FFF716
:10AB600043F930B94FF0E023D3F8F03DDB0700D5CF
:10AB700000BE38BD0000000068CE002068BE002086
:10AB800073B5234CE28AA36852BA92B2054612B159
:10AB9000B3FBF2F292B2A06BD4F81110B0FBF2F654
:10ABA0001B1AB3F5805F28BF4FF4805309BA009396
:10ABB00002FB1602174B607B3144FDF7DDFB031EE1
:10ABC0000CDA43F20333A38701210023284684F8DB
:10ABD0003E3002B0BDE87040FFF77CBF94F82E1005
:10ABE00006D100931A462846FFF751F802B070BD0F
:10ABF000084A9BB22846FFF7F7F80028F6D14FF035
:10AC0000E023D3F8F03DDB07F0D500BEEEE700BF50
:10AC100068CE002068BE0020C28A836852BA92B211
:10AC200023B9002A0CBF002002207047C17B2829CD
:10AC300004D1017BC90906D1022070472A2902D11B
:10AC4000017BC909F8D122B1934234BF0220002010
:10AC50007047012070470000044880F83C1080F8DD
:10AC60003D2080F83E300120704700BF68CE0020B4
:10AC7000024840220021F9F76FBB00BF68CE0020D8
:10AC8000024840220021F9F767BB00BF68CE0020D0
:10AC900073B54B79082B054602D0002002B070BD79
:10ACA0008B79062BF9D1CB79502BF6D1162A07D800
:10ACB0004FF0E023D3F8F03DD907EED500BEECE726
:10ACC000164C8B7884F82D3004F12E030E78019306
:10ACD00004F12F03009302231A463144FFF71AF8B8
:10ACE00038B94FF0E023D3F8F03DDA07D5D500BEF0
:10ACF000D4E7002384F8303094F82F101F23224625
:10AD00002846FFF771F830B94FF0E023D3F8F03D53
:10AD1000DB0700D500BE1720C0E700BF68CE0020CB
:10AD20007FB506461546A1B9137803F07F02022AC3
:10AD300048D16C78012C45D16A88002A42D1AB8871
:10AD40003C4D95F83020042ADBB204D11946FFF7B8
:10AD500089F801201AE095F82E10994218D1022A9C
:10AD6000F7D1AA6BAB689B1AAB62032385F830302E
:10AD700005F120020D23FFF737F80028E9D14FF045
:10AD8000E023D3F8F03DDB0752D500BE04B070BD20
:10AD900095F82F109942DCD1002ADAD10191FFF702
:10ADA00053F801990028D4D13046FFF78FF80028D6
:10ADB000CFD1002385F830301E4A95F82F101F237D
:10ADC0003046D8E703F06003202B31D16B78FE2B9F
:10ADD00013D0FF2B2CD16B8853BBE9888AB23ABBC6
:10ADE000144B304699872946C3E90D2283F8302059
:10ADF00083F83E20FFF79EFBABE76B88C3B9EB8877
:10AE0000012B15D18DF80F300B4B1BB1AFF3008028
:10AE10008DF80F009DF80F3053B1013B8DF80F30C6
:10AE20000DF10F02012329463046FFF795FB90E70D
:10AE30000020ABE768CE0020000000002DE9F041C3
:10AE4000AB4C94F83070012F90B005461E4600F0D0
:10AE5000A181032F00F00D82002F41D194F82F30F3
:10AE60008B4201D0012013E01F2E03D12268A14B99
:10AE70009A4210D094F82E100423284684F83030DB
:10AE8000FEF7F0FF94F82F102846FEF7EBFF0020A6
:10AE900010B0BDE8F081984B23626368E67BD4F87C
:10AEA000088084F82C70C4E90937012384F8303015
:10AEB00006F0FD03282BC4E90D872BD12046FFF7B0
:10AEC000ABFE014618B12846FFF704FE08E0B8F1D2
:10AED000000F56D0282E40F0A8812846FFF750FEDC
:10AEE00094F83030022BBDD194F82E102846FEF78E
:10AEF000EDFF0028B6D1A368A26B94F82E10934200
:10AF000040F2E081207BC00900F0DC812846FEF79A
:10AF1000A9FFA7E7B8F1000F17D0237BDB0914D1F5
:10AF2000B8F5805F01D90121CDE7744A1FFA88F393
:10AF30002846FEF759FF0028D2D14FF0E023D3F87E
:10AF4000F03DDA07A3D500BEA2E7252E677B08D81F
:10AF5000192E1AD8032E00F0F780122E00F09F80D1
:10AF600096B394F83C30002BDDD1A38E634A64493C
:10AF7000607BFDF7EFF9031ED5DB60D1A368002BE2
:10AF8000D1D1022384F83030AAE71A3E0B2EE8D83C
:10AF900001A353F826F000BF09B10F00E9AF0F007D
:10AFA00063AF0F0063AF0F0063AF0F0063AF0F001D
:10AFB00063AF0F0063AF0F0063AF0F0059B00F0016
:10AFC00063AF0F0003B00F003846FDF7C1F900284A
:10AFD000D4D194F83C30002BC3D140F20243A38774
:10AFE000002384F83E30BCE7464B002BC6D0E17C02
:10AFF0003846C1F3400301F001020909FDF750FA98
:10B00000E5E70DF1160206A93846FDF741FA069B61
:10B0100013B1BDF816203AB994F83C30002BA0D1FA
:10B0200040F20242A287DCE712BA013B1BBA089247
:10B0300032480793082207A900F000FA0823A06805
:10B0400000283FF470AF834228BF034663632B4A56
:10B0500094F82E109BB26BE70023CDE907330993D8
:10B0600008238DF81F300DF11602022306A9384679
:10B070008DF82430FDF70CFA069A002ACCD0BDF8E2
:10B080001630002BC8D012BA5BBA08921B48ADF834
:10B0900026300C2207A900F0D1F90C23CFE7242297
:10B0A000002107A8F9F758F980238DF81D300822F0
:10B0B0000223202109A88DF81E308DF81F30F9F7E2
:10B0C0004BF9102220210BA8F9F746F90422202180
:10B0D0000FA8F9F741F90FAB0BAA09A93846FDF7FC
:10B0E00003F90648242207A900F0A8F92423A6E7BB
:10B0F00068CE0020555342435553425368BE00204A
:10B1000077CE0020A1840F0003238DF81C3000238C
:10B110008DF81D308DF81E308DF81F30704B8BB1BF
:10B120003846AFF300809DF81E3080F0010060F3D8
:10B13000C71304226B488DF81E3007A900F07EF972
:10B1400004237CE70120EEE71222002107A8F9F78B
:10B1500003F9F02394F83C208DF81C300A238DF875
:10B1600023304FF0000362F303038DF81E3094F890
:10B170003D308DF828305B4894F83E308DF829300A
:10B18000122207A900F05AF90023A38784F83E3061
:10B19000122354E7E37BA06B282B06D1636B30446A
:10B1A0009842A063BFF4EDAE97E62A2B41D1E28A24
:10B1B00052BA92B21AB1A368B3FBF2F292B2D4F8C7
:10B1C0001110484FB0FBF2FC09BA02FB1C020096BA
:10B1D000607B3B466144FDF7F1F8002809DAA36B78
:10B1E0003344A36343F20333A387002384F83E3040
:10B1F00099E6864212D9321A40B1A36B03920344F6
:10B2000039183846A36300F0B3F9039A94F82F1065
:10B21000002300932846FEF73AFD61E6A36B1E4427
:10B22000636BA6639E42BFF4ACAE2846FFF776FC84
:10B2300056E6237B3044DB09A0630CD1A38E294A58
:10B24000607B04F10F01FDF785F8002803DA394629
:10B250002846FFF73FFCD4E90D329A42BFF491AE85
:10B260004FF0E023D3F8F03DDB077FF539AE00BEA9
:10B2700036E694F82E308B427FF432AE0D2E7FF4FA
:10B280002FAEE37B282B09D02A2B14D0164B53B1B9
:10B29000607B04F10F01AFF3008004E0134B13B1A6
:10B2A000607BAFF30080002384F83030104A94F8BC
:10B2B0002F101F233CE60F4B002BF4D0607BFDF7D3
:10B2C00095F8F0E79B1AA362032384F830300A4A0A
:10B2D0000D232846FEF788FD00287FF4C3AD2CE639
:10B2E0000000000068BE0020000000000000000018
:10B2F00068CE0020ED830F0088CE002008B5002026
:10B30000FEF700FC30B94FF0E023D3F8F03DDB0747
:10B3100000D500BE08BDFEF7EFBB8388C07800F003
:10B3200003000228C3F30A0315D003281DD0012807
:10B330000FD1022940F2FF3208BF4FF480629A42D7
:10B340000FD24FF0E023D3F8F00D10F0010008D039
:10B3500000BE00207047022904D1B3F5007FF0D170
:10B3600001207047402BFBD9EBE702290CBF4FF4BB
:10B37000806240229A42F3D2E3E730B50A44914218
:10B3800000D330BD4C78052C06D18C7804F07F05B5
:10B3900000EB4505E4092B550C782144EFE700004C
:10B3A0000649074A074B9B1A03DD043BC858D05097
:10B3B000FBDCF9F765FEF8F747FF0000B8BD0F00AA
:10B3C00000800020CC860020FEE7FEE7FEE7FEE7D7
:10B3D000FEE7FEE7FEE7FEE7FEE7FEE7032A70B4BE
:10B3E00012D940EA0105AD0704460B4620D11946A3
:10B3F000204653F8045B54F8046BAE4218D1043A6B
:10B40000032A20461946F2D8541E72B103780A78EE
:10B410009A4208BF241806D00CE010F8013F11F83A
:10B42000012F934206D1A042F7D1002070BC704793
:10B43000541EEBE7981A70BC704700BF844641EA7F
:10B44000000313F003036DD1403A41D351F8043B9C
:10B4500040F8043B51F8043B40F8043B51F8043BEE
:10B4600040F8043B51F8043B40F8043B51F8043BDE
:10B4700040F8043B51F8043B40F8043B51F8043BCE
:10B4800040F8043B51F8043B40F8043B51F8043BBE
:10B4900040F8043B51F8043B40F8043B51F8043BAE
:10B4A00040F8043B51F8043B40F8043B51F8043B9E
:10B4B00040F8043B51F8043B40F8043B51F8043B8E
:10B4C00040F8043B51F8043B40F8043B403ABDD2FD
:10B4D000303211D351F8043B40F8043B51F8043B9F
:10B4E00040F8043B51F8043B40F8043B51F8043B5E
:10B4F00040F8043B103AEDD20C3205D351F8043B2E
:10B5000040F8043B043AF9D2043208D0D2071CBFF9
:10B5100011F8013B00F8013B01D30B880380604622
:10B52000704700BF082A13D38B078DD010F0030398
:10B530008AD0C3F10403D21ADB071CBF11F8013B08
:10B5400000F8013B80D331F8023B20F8023B7BE757
:10B55000043AD9D3013A11F8013B00F8013BF9D282
:10B560000B7803704B7843708B788370604670471C
:10B570008842F0B40DD98B1883420AD9841832B1AD
:10B58000224613F8014D02F8014D9942F9D1F0BC61
:10B5900070470F2A0ED80346541E002AF7D00134F4
:10B5A0000C44013B11F8012B03F8012FA142F9D102
:10B5B000F0BC704740EA01039B073BD1A2F11007A2
:10B5C0003F0901F1200606EB071601F1100300F117
:10B5D000100453F8105C44F8105C53F80C5C44F809
:10B5E0000C5C53F8085C44F8085C53F8045C44F8BD
:10B5F000045C1033B34204F11004EAD17B1C1B013C
:10B6000012F00C0F194402F00F05034415D0043D4D
:10B61000AD0803EB850C1C1F0E4656F8047B44F85E
:10B62000047F6445F9D10135AD002B44294402F073
:10B630000302B1E7541E0346B1E72A46ACE700BF58
:10B64000830710B5044610D10268A2F1013323EA42
:10B65000020313F0803F08D150F8042FA2F1013308
:10B6600023EA020313F0803FF6D003781BB110F8F1
:10B67000013F002BFBD100F003F8204610BD00BFB6
:10B6800080EA0102844612F0030F4FD111F0030F3C
:10B6900032D14DF8044D11F0040F51F8043B0BD09A
:10B6A000A3F101329A4312F0803F04BF4CF8043BEF
:10B6B00051F8043B16D100BF51F8044BA3F10132FD
:10B6C0009A4312F0803FA4F101320BD14CF8043BB5
:10B6D000A24312F0803F04BF51F8043B4CF8044BE6
:10B6E000EAD023460CF8013B13F0FF0F4FEA332357
:10B6F000F8D15DF8044B704711F0010F06D011F836
:10B70000012B0CF8012B002A08BF704711F0020F23
:10B71000BFD031F8022B12F0FF0F16BF2CF8022B0E
:10B720008CF8002012F47F4FB3D1704711F8012B31
:10B730000CF8012B002AF9D1704700BF000000006F
:10B7400090F800F06DE9024520F007016FF0000C61
:10B7500010F0070491F820F040F049804FF0000409
:10B760006FF00700D1E9002391F840F000F10800E4
:10B7700082FA4CF2A4FA8CF283FA4CF3A2FA8CF31C
:10B780004BBBD1E9022382FA4CF200F10800A4FA83
:10B790008CF283FA4CF3A2FA8CF3E3B9D1E90423D7
:10B7A00082FA4CF200F10800A4FA8CF283FA4CF30E
:10B7B000A2FA8CF37BB9D1E9062301F1200182FAC8
:10B7C0004CF200F10800A4FA8CF283FA4CF3A2FACE
:10B7D0008CF3002BC6D0002A04BF04301A4612BADC
:10B7E000B2FA82F2FDE8024500EBD2007047D1E9DF
:10B7F000002304F00305C4F100004FEAC50514F06E
:10B80000040F91F840F00CFA05F562EA05021CBF3E
:10B8100063EA050362464FF00004A9E7F0B4DFF8DD
:10B8200084C0164604460D46BCE80F008AB06F4639
:10B830000FC7BCE80F000FC79CE80300B31E47F812
:10B84000040B222B397028D86B1E9C46002701E080
:10B850000F4604460AA9B4FBF6F006FB10420A4460
:10B86000A64212F8282C0CF8012F07F10101EFD99C
:10B8700000226A54294467B111F8012D5C785A708E
:10B88000981C0133DA432A44401B3A4490420C701E
:10B89000F2DB28460AB0F0BC7047002028700AB0DE
:10B8A000F0BC704784BD0F00FFF7B8BF53B94AB969
:10B8B000002908BF00281CBF4FF0FF314FF0FF30B8
:10B8C00000F062B9ADF1080C6DE904CE00F006F8A5
:10B8D000DDF804E0DDE9022304B070472DE9F04F04
:10B8E000099E88468E46154604461946002B40F0B0
:10B8F000C7804245B2FA82F746D94FB1C7F1200C52
:10B9000008FA07F320FA0CFCBD404CEA030EBC40D9
:10B910004FEA15481FFA85FCBEFBF8F9220C08FB1C
:10B9200019E309FB0CFA42EA03439A4528D9EB18BC
:10B9300009F1FF3004D29A4502D9A9F102002B4443
:10B94000A3EB0A03A4B2B3FBF8F208FB123302FB29
:10B950000CFC44EA0344A44514D92C1902F1FF332A
:10B9600003D2A44501D9931E2C44A4EB0C0443EA52
:10B9700000401EB1FC40002334607360BDE8F08FCE
:10B980004846DDE71346F0E702B9FFDE8FBBA8EBC0
:10B99000020301214FEA154EAAB2B3FBFEFC200CB4
:10B9A0000EFB1C330CFB02F840EA0343984563D9B5
:10B9B000EB180CF1FF3004D2984502D9ACF102002B
:10B9C0002B44A3EB0803A4B2B3FBFEFC0EFB1C3319
:10B9D0000CFB02F244EA0344A2424FD92C190CF1A9
:10B9E000FF3304D2A24202D9ACF102032C44A41AC0
:10B9F000BDE7C7F1200C28FA0CF908FA07F320FA82
:10BA00000CFCBD404CEA03024FEA154EABB2B9FB49
:10BA1000FEFC110C0EFB1C900CFB03F841EA0040ED
:10BA2000804504FA07F423D928180CF1FF3104D219
:10BA3000804502D9ACF102012844A0EB080092B283
:10BA4000B0FBFEFC0EFB1C000CFB03F842EA0043BB
:10BA500098450FD9EB180CF1FF3204D2984502D962
:10BA6000ACF102022B44A3EB080342EA014191E747
:10BA70006146E2E76246F6E76046A2E76346B6E75C
:10BA8000434505D90EB1C6E900080021084675E70F
:10BA9000B3FA83FCBCF1000F10D1434501D38242BD
:10BAA0000AD8841A68EB030301209E46002E68D052
:10BAB000C6E9004E002161E76046F7E7CCF1200EB1
:10BAC00003FA0CF322FA0EF41C4320FA0EF108FAE2
:10BAD0000CF328FA0EFB19434FEA144902FA0CF54D
:10BAE000BBFBF9F8A3B209FB18BB0A0C08FB03FA6D
:10BAF00042EA0B42924500FA0CF73ED9A21808F12F
:10BB0000FF3004D2924502D9A8F102002244A2EBF0
:10BB10000A0289B2B2FBF9F809FB182208FB03F309
:10BB200041EA024293422AD9A21808F1FF3104D215
:10BB3000934202D9A8F10201224441EA0040A0FB4D
:10BB40000598D21A42454B46414602D306D14F458D
:10BB500004D2B9EB050368EB040101388EB1FC1A7D
:10BB600062EB010707FA0EFE24FA0CF34EEA030318
:10BB700027FA0CF7C6E900379CE74046C7E741467D
:10BB8000DBE73146FAE60000704700BFF8B500BFBA
:10BB9000F8BC08BC9E467047F8B500BFF8BC08BCAE
:10BBA0009E46704708800020001002000000000040
:10BBB0000338FDD8704700000000000000000000BE
:10BBC0000338FDD870470100000000000C990020E8
:10BBD0000338FDD87047416461444655006E5246B3
:10BBE0004D6963726F00302E382E302D6469727487
:10BBF00079207331343020362E312E310000000090
:10BC00000000000000000000000000000023D1BC84
:10BC1000EA5F782315DEEF1212000000000000003A
:10BC200074B000204164616672756974006E52469A
:10BC300020554632003031323334353637383941C9
:10BC40004243444546006E52462053657269616C1A
:10BC5000000904536F66744465766963653A200091
:10BC600053002E006E6F7420666F756E640D0A00AF
:10BC7000EB3C90554632205546322000020101002F
:10BC80000240000000F80201010001000000000075
:10BC900009010100800029420042006E52464D69B0
:10BCA00063726F00000046415431362020203C2151
:10BCB000646F63747970652068746D6C3E0A3C68CB
:10BCC000746D6C3E3C626F64793E3C736372697064
:10BCD000743E0A6C6F636174696F6E2E7265706C6E
:10BCE000616365282268747470733A2F2F676974D2
:10BCF0006875622E636F6D2F6A6F7269632F6E7243
:10BD0000666D6963726F22293B0A3C2F7363726907
:10BD100070743E3C2F626F64793E3C2F68746D6C8A
:10BD20003E0A0000494E464F5F5546325458540073
:10BD300028850020494E44455820202048544D0075
:10BD4000AEBC0F0043555252454E5420554632006A
:10BD500000000000F5A70F004DA80F007DA80F0000
:10BD600021A90F00D9A90F000000000071AC0F003D
:10BD700081AC0F0091AC0F0021AD0F003DAE0F0064
:10BD800000000000303132333435363738396162E3
:10BD9000636465666768696A6B6C6D6E6F707172FB
:10BDA000737475767778797A0000000000000000DF
:10BDB0009084FF7F01000000088000200000000048
:10BDC00000000000F48200205C830020C483002077
:10BDD0000000000000000000000000000000000063
:10BDE0000000000000000000000000000000000053
:10BDF0000000000000000000000000000000000043
:10BE00000000000000000000000000000000000032
:10BE10000000000000000000000000000000000022
:10BE20000000000000000000000000000000000012
:10BE30000000000000000000000000000000000002
:10BE400000000000000000000000000000000000F2
:10BE500000000000000000000000000000000000E2
:10BE600000000000000000000100000000000000D1
:10BE70000E33CDAB34126DE6ECDE05000B00000096
:10BE800000000000000000000000000000000000B2
:10BE900000000000000000000000000000000000A2
:10BEA0000000000000000000000000000000000092
:10BEB0000000000000000000000000000000000082
:10BEC0000000000000000000000000000000000072
:10BED0000000000000000000000000000000000062
:10BEE0000000000000000000000000000000000052
:10BEF0000000000000000000000000000000000042
:10BF00000000000000000000000000000000000031
:10BF10000000000000000000000000000000000021
:10BF20000000000000000000000000000000000011
:10BF30000000000000000000000000000000000001
:10BF400000000000000000000000000000000000F1
:10BF500000000000000000000000000000000000E1
:10BF600000000000000000000000000000000000D1
:10BF700000000000000000000000000000000000C1
:10BF800000000000000000000000000000000000B1
:10BF900000000000000000000000000000000000A1
:10BFA0000000000000000000000000000000000091
:10BFB0000000000000000000000000000000000081
:10BFC0000000000000000000000000000000000071
:10BFD0000000000000000000000000000000000061
:10BFE0000000000000000000000000000000000051
:10BFF0000000000000000000000000000000000041
:10C000000000000000000000000000000000000030
:10C010000000000000000000000000000000000020
:10C020000000000000000000000000000000000010
:10C030000000000000000000000000000000000000
:10C0400000000000000000000000000000000000F0
:10C0500000000000000000000000000000000000E0
:10C0600000000000000000000000000000000000D0
:10C0700000000000000000000000000000000000C0
:10C0800000000000000000000000000000000000B0
:10C0900000000000000000000000000000000000A0
:10C0A0000000000000000000000000000000000090
:10C0B0000000000000000000000000000000000080
:10C0C0000000000000000000000000000000000070
:10C0D0000000000000000000000000000000000060
:10C0E0000000000000000000000000000000000050
:10C0F0000000000000000000000000000000000040
:10C10000000000000000000000000000000000002F
:10C11000000000000000000000000000000000001F
:10C12000000000000000000000000000000000000F
:10C1300000000000000000000000000000000000FF
:10C1400000000000000000000000000000000000EF
:10C1500000000000000000000000000000000000DF
:10C1600000000000000000000000000000000000CF
:10C1700000000000000000000000000000000000BF
:10C1800000000000000000000000000000000000AF
:10C19000000000000000000000000000000000009F
:10C1A000000000000000000000000000000000008F
:10C1B000000000000000000000000000000000007F
:10C1C000000000000000000000000000000000006F
:10C1D000000000000000000000000000000000005F
:10C1E0000000000000000000A8CE0020FFFFFFFFBD
:10C1F0007C7F00200090D003FF00FFFF3200000092
:10C20000557C0F00C97C0F00010902620003010088
:10C210008032080B00020202000009040000010243
:10C220000200040524002001052401000104240269
:10C230000205240600010705810308001009040116
:10C2400000020A0000000705020240000007058204
:10C250000240000009040200020806500507050319
:10C26000024000000705830240000009024B000263
:10C2700001008032080B00020202000009040000E5
:10C28000010202000405240020010524010001042C
:10C290002402020524060001070581030800100995
:10C2A000040100020A000000070502024000000726
:10C2B00005820240000012010002EF0201409A23B1
:10C2C000290000010102030151BC0F00DDBB0F007A
:10C2D000DDBB0F0068B3002046BC0F002DBC0F0073
:10C2E00055463220426F6F746C6F61646572203006
:10C2F0002E382E302D6469727479206C69622F6E2D
:10C30000726678202876322E302E3029206C6962B1
:10C310002F74696E797573622028302E31322E3079
:10C320002D3134352D673937373565373639312971
:10C33000206C69622F756632202872656D6F746596
:10C34000732F6F726967696E2F636F6E66696775A9
:10C3500070646174652D392D67616462623863377A
:10C36000290D0A4D6F64656C3A206E52464D696323
:10C37000726F0D0A426F6172642D49443A206E5209
:10C380004635323834302D6E52464D6963726F0D2A
:10C390000A446174653A204F63742020362032309D
:10C3A00032330D0A00000000000000000000000011
:10C3B000000000000000000000000000000000007D
:10C3C000000000000000000000000000000000006D
:10C3D000000000000000000000000000000000005D
:10C3E000000000000000000000000000000000004D
:10C3F000000000000000000000000000000000003D
:10C40000000000000000000000000000000000002C
:10C41000000000000000000000000000000000001C
:10C42000000000000000000000000000000000000C
:10C4300000000000000000000000000000000000FC
:10C4400000000000000000000000000000000000EC
:10C4500000000000000000000000000000000000DC
:10C46000010000009CB4002010000C000000E0FF60
:10C470001F0000000000000031450F0025420F00A2
:04C4800001420F0066
:10D80000F1109E1E797A22200500000064000000BD
:10D81000CC00000000001000CD000000000004005B
:10D82000D000000029009A23D10000004028A5ADB7
:10D83000D2000000200000000000000000000000F6
:10D8400000000000000000000000000000000000D8
:08D850000000000000000000D0
:020000041000EA
:0810140000400F0000E00F0096
:00000001FF
